product,client,month,demand
1,1,1,9.9
1,1,2,11.0
1,1,3,12.1
1,1,4,15.4
1,1,5,13.2
1,1,6,12.1
1,1,7,11.0
1,1,8,14.3
1,1,9,11.0
1,1,10,12.1
1,1,11,13.2
1,1,12,14.3
1,2,1,21.6
1,2,2,24.0
1,2,3,26.4
1,2,4,33.6
1,2,5,28.8
1,2,6,26.4
1,2,7,24.0
1,2,8,31.2
1,2,9,24.0
1,2,10,26.4
1,2,11,28.8
1,2,12,31.2
1,3,1,17.1
1,3,2,19.0
1,3,3,20.9
1,3,4,26.6
1,3,5,22.8
1,3,6,20.9
1,3,7,19.0
1,3,8,24.7
1,3,9,19.0
1,3,10,20.9
1,3,11,22.8
1,3,12,24.7
1,4,1,13.5
1,4,2,15.0
1,4,3,16.5
1,4,4,21.0
1,4,5,18.0
1,4,6,16.5
1,4,7,15.0
1,4,8,19.5
1,4,9,15.0
1,4,10,16.5
1,4,11,18.0
1,4,12,19.5
1,5,1,10.8
1,5,2,12.0
1,5,3,13.2
1,5,4,16.8
1,5,5,14.4
1,5,6,13.2
1,5,7,12.0
1,5,8,15.6
1,5,9,12.0
1,5,10,13.2
1,5,11,14.4
1,5,12,15.6
1,6,1,9.9
1,6,2,11.0
1,6,3,12.1
1,6,4,15.4
1,6,5,13.2
1,6,6,12.1
1,6,7,11.0
1,6,8,14.3
1,6,9,11.0
1,6,10,12.1
1,6,11,13.2
1,6,12,14.3
1,7,1,20.7
1,7,2,23.0
1,7,3,25.3
1,7,4,32.2
1,7,5,27.6
1,7,6,25.3
1,7,7,23.0
1,7,8,29.9
1,7,9,23.0
1,7,10,25.3
1,7,11,27.6
1,7,12,29.9
1,8,1,13.5
1,8,2,15.0
1,8,3,16.5
1,8,4,21.0
1,8,5,18.0
1,8,6,16.5
1,8,7,15.0
1,8,8,19.5
1,8,9,15.0
1,8,10,16.5
1,8,11,18.0
1,8,12,19.5
1,9,1,13.5
1,9,2,15.0
1,9,3,16.5
1,9,4,21.0
1,9,5,18.0
1,9,6,16.5
1,9,7,15.0
1,9,8,19.5
1,9,9,15.0
1,9,10,16.5
1,9,11,18.0
1,9,12,19.5
1,10,1,7.2
1,10,2,8.0
1,10,3,8.8
1,10,4,11.2
1,10,5,9.6
1,10,6,8.8
1,10,7,8.0
1,10,8,10.4
1,10,9,8.0
1,10,10,8.8
1,10,11,9.6
1,10,12,10.4
1,11,1,10.8
1,11,2,12.0
1,11,3,13.2
1,11,4,16.8
1,11,5,14.4
1,11,6,13.2
1,11,7,12.0
1,11,8,15.6
1,11,9,12.0
1,11,10,13.2
1,11,11,14.4
1,11,12,15.6
1,12,1,6.3
1,12,2,7.0
1,12,3,7.7
1,12,4,9.8
1,12,5,8.4
1,12,6,7.7
1,12,7,7.0
1,12,8,9.1
1,12,9,7.0
1,12,10,7.7
1,12,11,8.4
1,12,12,9.1
1,13,1,5.4
1,13,2,6.0
1,13,3,6.6
1,13,4,8.4
1,13,5,7.2
1,13,6,6.6
1,13,7,6.0
1,13,8,7.8
1,13,9,6.0
1,13,10,6.6
1,13,11,7.2
1,13,12,7.8
1,14,1,14.4
1,14,2,16.0
1,14,3,17.6
1,14,4,22.4
1,14,5,19.2
1,14,6,17.6
1,14,7,16.0
1,14,8,20.8
1,14,9,16.0
1,14,10,17.6
1,14,11,19.2
1,14,12,20.8
1,15,1,9.0
1,15,2,10.0
1,15,3,11.0
1,15,4,14.0
1,15,5,12.0
1,15,6,11.0
1,15,7,10.0
1,15,8,13.0
1,15,9,10.0
1,15,10,11.0
1,15,11,12.0
1,15,12,13.0
1,16,1,5.4
1,16,2,6.0
1,16,3,6.6
1,16,4,8.4
1,16,5,7.2
1,16,6,6.6
1,16,7,6.0
1,16,8,7.8
1,16,9,6.0
1,16,10,6.6
1,16,11,7.2
1,16,12,7.8
1,17,1,4.5
1,17,2,5.0
1,17,3,5.5
1,17,4,7.0
1,17,5,6.0
1,17,6,5.5
1,17,7,5.0
1,17,8,6.5
1,17,9,5.0
1,17,10,5.5
1,17,11,6.0
1,17,12,6.5
1,18,1,14.4
1,18,2,16.0
1,18,3,17.6
1,18,4,22.4
1,18,5,19.2
1,18,6,17.6
1,18,7,16.0
1,18,8,20.8
1,18,9,16.0
1,18,10,17.6
1,18,11,19.2
1,18,12,20.8
1,19,1,14.4
1,19,2,16.0
1,19,3,17.6
1,19,4,22.4
1,19,5,19.2
1,19,6,17.6
1,19,7,16.0
1,19,8,20.8
1,19,9,16.0
1,19,10,17.6
1,19,11,19.2
1,19,12,20.8
1,20,1,18.9
1,20,2,21.0
1,20,3,23.1
1,20,4,29.4
1,20,5,25.2
1,20,6,23.1
1,20,7,21.0
1,20,8,27.3
1,20,9,21.0
1,20,10,23.1
1,20,11,25.2
1,20,12,27.3
1,21,1,12.6
1,21,2,14.0
1,21,3,15.4
1,21,4,19.6
1,21,5,16.8
1,21,6,15.4
1,21,7,14.0
1,21,8,18.2
1,21,9,14.0
1,21,10,15.4
1,21,11,16.8
1,21,12,18.2
1,22,1,18.0
1,22,2,20.0
1,22,3,22.0
1,22,4,28.0
1,22,5,24.0
1,22,6,22.0
1,22,7,20.0
1,22,8,26.0
1,22,9,20.0
1,22,10,22.0
1,22,11,24.0
1,22,12,26.0
1,23,1,17.1
1,23,2,19.0
1,23,3,20.9
1,23,4,26.6
1,23,5,22.8
1,23,6,20.9
1,23,7,19.0
1,23,8,24.7
1,23,9,19.0
1,23,10,20.9
1,23,11,22.8
1,23,12,24.7
1,24,1,17.1
1,24,2,19.0
1,24,3,20.9
1,24,4,26.6
1,24,5,22.8
1,24,6,20.9
1,24,7,19.0
1,24,8,24.7
1,24,9,19.0
1,24,10,20.9
1,24,11,22.8
1,24,12,24.7
1,25,1,20.7
1,25,2,23.0
1,25,3,25.3
1,25,4,32.2
1,25,5,27.6
1,25,6,25.3
1,25,7,23.0
1,25,8,29.9
1,25,9,23.0
1,25,10,25.3
1,25,11,27.6
1,25,12,29.9
1,26,1,14.4
1,26,2,16.0
1,26,3,17.6
1,26,4,22.4
1,26,5,19.2
1,26,6,17.6
1,26,7,16.0
1,26,8,20.8
1,26,9,16.0
1,26,10,17.6
1,26,11,19.2
1,26,12,20.8
1,27,1,21.6
1,27,2,24.0
1,27,3,26.4
1,27,4,33.6
1,27,5,28.8
1,27,6,26.4
1,27,7,24.0
1,27,8,31.2
1,27,9,24.0
1,27,10,26.4
1,27,11,28.8
1,27,12,31.2
1,28,1,6.3
1,28,2,7.0
1,28,3,7.7
1,28,4,9.8
1,28,5,8.4
1,28,6,7.7
1,28,7,7.0
1,28,8,9.1
1,28,9,7.0
1,28,10,7.7
1,28,11,8.4
1,28,12,9.1
1,29,1,8.1
1,29,2,9.0
1,29,3,9.9
1,29,4,12.6
1,29,5,10.8
1,29,6,9.9
1,29,7,9.0
1,29,8,11.7
1,29,9,9.0
1,29,10,9.9
1,29,11,10.8
1,29,12,11.7
1,30,1,20.7
1,30,2,23.0
1,30,3,25.3
1,30,4,32.2
1,30,5,27.6
1,30,6,25.3
1,30,7,23.0
1,30,8,29.9
1,30,9,23.0
1,30,10,25.3
1,30,11,27.6
1,30,12,29.9
1,31,1,9.9
1,31,2,11.0
1,31,3,12.1
1,31,4,15.4
1,31,5,13.2
1,31,6,12.1
1,31,7,11.0
1,31,8,14.3
1,31,9,11.0
1,31,10,12.1
1,31,11,13.2
1,31,12,14.3
1,32,1,11.7
1,32,2,13.0
1,32,3,14.3
1,32,4,18.2
1,32,5,15.6
1,32,6,14.3
1,32,7,13.0
1,32,8,16.9
1,32,9,13.0
1,32,10,14.3
1,32,11,15.6
1,32,12,16.9
1,33,1,9.9
1,33,2,11.0
1,33,3,12.1
1,33,4,15.4
1,33,5,13.2
1,33,6,12.1
1,33,7,11.0
1,33,8,14.3
1,33,9,11.0
1,33,10,12.1
1,33,11,13.2
1,33,12,14.3
1,34,1,19.8
1,34,2,22.0
1,34,3,24.2
1,34,4,30.8
1,34,5,26.4
1,34,6,24.2
1,34,7,22.0
1,34,8,28.6
1,34,9,22.0
1,34,10,24.2
1,34,11,26.4
1,34,12,28.6
1,35,1,7.2
1,35,2,8.0
1,35,3,8.8
1,35,4,11.2
1,35,5,9.6
1,35,6,8.8
1,35,7,8.0
1,35,8,10.4
1,35,9,8.0
1,35,10,8.8
1,35,11,9.6
1,35,12,10.4
1,36,1,16.2
1,36,2,18.0
1,36,3,19.8
1,36,4,25.2
1,36,5,21.6
1,36,6,19.8
1,36,7,18.0
1,36,8,23.4
1,36,9,18.0
1,36,10,19.8
1,36,11,21.6
1,36,12,23.4
1,37,1,19.8
1,37,2,22.0
1,37,3,24.2
1,37,4,30.8
1,37,5,26.4
1,37,6,24.2
1,37,7,22.0
1,37,8,28.6
1,37,9,22.0
1,37,10,24.2
1,37,11,26.4
1,37,12,28.6
1,38,1,11.7
1,38,2,13.0
1,38,3,14.3
1,38,4,18.2
1,38,5,15.6
1,38,6,14.3
1,38,7,13.0
1,38,8,16.9
1,38,9,13.0
1,38,10,14.3
1,38,11,15.6
1,38,12,16.9
1,39,1,5.4
1,39,2,6.0
1,39,3,6.6
1,39,4,8.4
1,39,5,7.2
1,39,6,6.6
1,39,7,6.0
1,39,8,7.8
1,39,9,6.0
1,39,10,6.6
1,39,11,7.2
1,39,12,7.8
1,40,1,21.6
1,40,2,24.0
1,40,3,26.4
1,40,4,33.6
1,40,5,28.8
1,40,6,26.4
1,40,7,24.0
1,40,8,31.2
1,40,9,24.0
1,40,10,26.4
1,40,11,28.8
1,40,12,31.2
1,41,1,17.1
1,41,2,19.0
1,41,3,20.9
1,41,4,26.6
1,41,5,22.8
1,41,6,20.9
1,41,7,19.0
1,41,8,24.7
1,41,9,19.0
1,41,10,20.9
1,41,11,22.8
1,41,12,24.7
1,42,1,9.9
1,42,2,11.0
1,42,3,12.1
1,42,4,15.4
1,42,5,13.2
1,42,6,12.1
1,42,7,11.0
1,42,8,14.3
1,42,9,11.0
1,42,10,12.1
1,42,11,13.2
1,42,12,14.3
1,43,1,14.4
1,43,2,16.0
1,43,3,17.6
1,43,4,22.4
1,43,5,19.2
1,43,6,17.6
1,43,7,16.0
1,43,8,20.8
1,43,9,16.0
1,43,10,17.6
1,43,11,19.2
1,43,12,20.8
1,44,1,10.8
1,44,2,12.0
1,44,3,13.2
1,44,4,16.8
1,44,5,14.4
1,44,6,13.2
1,44,7,12.0
1,44,8,15.6
1,44,9,12.0
1,44,10,13.2
1,44,11,14.4
1,44,12,15.6
1,45,1,17.1
1,45,2,19.0
1,45,3,20.9
1,45,4,26.6
1,45,5,22.8
1,45,6,20.9
1,45,7,19.0
1,45,8,24.7
1,45,9,19.0
1,45,10,20.9
1,45,11,22.8
1,45,12,24.7
1,46,1,6.3
1,46,2,7.0
1,46,3,7.7
1,46,4,9.8
1,46,5,8.4
1,46,6,7.7
1,46,7,7.0
1,46,8,9.1
1,46,9,7.0
1,46,10,7.7
1,46,11,8.4
1,46,12,9.1
1,47,1,16.2
1,47,2,18.0
1,47,3,19.8
1,47,4,25.2
1,47,5,21.6
1,47,6,19.8
1,47,7,18.0
1,47,8,23.4
1,47,9,18.0
1,47,10,19.8
1,47,11,21.6
1,47,12,23.4
1,48,1,18.9
1,48,2,21.0
1,48,3,23.1
1,48,4,29.4
1,48,5,25.2
1,48,6,23.1
1,48,7,21.0
1,48,8,27.3
1,48,9,21.0
1,48,10,23.1
1,48,11,25.2
1,48,12,27.3
1,49,1,7.2
1,49,2,8.0
1,49,3,8.8
1,49,4,11.2
1,49,5,9.6
1,49,6,8.8
1,49,7,8.0
1,49,8,10.4
1,49,9,8.0
1,49,10,8.8
1,49,11,9.6
1,49,12,10.4
1,50,1,19.8
1,50,2,22.0
1,50,3,24.2
1,50,4,30.8
1,50,5,26.4
1,50,6,24.2
1,50,7,22.0
1,50,8,28.6
1,50,9,22.0
1,50,10,24.2
1,50,11,26.4
1,50,12,28.6
1,51,1,10.8
1,51,2,12.0
1,51,3,13.2
1,51,4,16.8
1,51,5,14.4
1,51,6,13.2
1,51,7,12.0
1,51,8,15.6
1,51,9,12.0
1,51,10,13.2
1,51,11,14.4
1,51,12,15.6
1,52,1,7.2
1,52,2,8.0
1,52,3,8.8
1,52,4,11.2
1,52,5,9.6
1,52,6,8.8
1,52,7,8.0
1,52,8,10.4
1,52,9,8.0
1,52,10,8.8
1,52,11,9.6
1,52,12,10.4
1,53,1,5.4
1,53,2,6.0
1,53,3,6.6
1,53,4,8.4
1,53,5,7.2
1,53,6,6.6
1,53,7,6.0
1,53,8,7.8
1,53,9,6.0
1,53,10,6.6
1,53,11,7.2
1,53,12,7.8
1,54,1,9.0
1,54,2,10.0
1,54,3,11.0
1,54,4,14.0
1,54,5,12.0
1,54,6,11.0
1,54,7,10.0
1,54,8,13.0
1,54,9,10.0
1,54,10,11.0
1,54,11,12.0
1,54,12,13.0
1,55,1,12.6
1,55,2,14.0
1,55,3,15.4
1,55,4,19.6
1,55,5,16.8
1,55,6,15.4
1,55,7,14.0
1,55,8,18.2
1,55,9,14.0
1,55,10,15.4
1,55,11,16.8
1,55,12,18.2
1,56,1,7.2
1,56,2,8.0
1,56,3,8.8
1,56,4,11.2
1,56,5,9.6
1,56,6,8.8
1,56,7,8.0
1,56,8,10.4
1,56,9,8.0
1,56,10,8.8
1,56,11,9.6
1,56,12,10.4
1,57,1,19.8
1,57,2,22.0
1,57,3,24.2
1,57,4,30.8
1,57,5,26.4
1,57,6,24.2
1,57,7,22.0
1,57,8,28.6
1,57,9,22.0
1,57,10,24.2
1,57,11,26.4
1,57,12,28.6
1,58,1,14.4
1,58,2,16.0
1,58,3,17.6
1,58,4,22.4
1,58,5,19.2
1,58,6,17.6
1,58,7,16.0
1,58,8,20.8
1,58,9,16.0
1,58,10,17.6
1,58,11,19.2
1,58,12,20.8
1,59,1,5.4
1,59,2,6.0
1,59,3,6.6
1,59,4,8.4
1,59,5,7.2
1,59,6,6.6
1,59,7,6.0
1,59,8,7.8
1,59,9,6.0
1,59,10,6.6
1,59,11,7.2
1,59,12,7.8
1,60,1,12.6
1,60,2,14.0
1,60,3,15.4
1,60,4,19.6
1,60,5,16.8
1,60,6,15.4
1,60,7,14.0
1,60,8,18.2
1,60,9,14.0
1,60,10,15.4
1,60,11,16.8
1,60,12,18.2
1,61,1,7.2
1,61,2,8.0
1,61,3,8.8
1,61,4,11.2
1,61,5,9.6
1,61,6,8.8
1,61,7,8.0
1,61,8,10.4
1,61,9,8.0
1,61,10,8.8
1,61,11,9.6
1,61,12,10.4
1,62,1,16.2
1,62,2,18.0
1,62,3,19.8
1,62,4,25.2
1,62,5,21.6
1,62,6,19.8
1,62,7,18.0
1,62,8,23.4
1,62,9,18.0
1,62,10,19.8
1,62,11,21.6
1,62,12,23.4
1,63,1,18.0
1,63,2,20.0
1,63,3,22.0
1,63,4,28.0
1,63,5,24.0
1,63,6,22.0
1,63,7,20.0
1,63,8,26.0
1,63,9,20.0
1,63,10,22.0
1,63,11,24.0
1,63,12,26.0
1,64,1,17.1
1,64,2,19.0
1,64,3,20.9
1,64,4,26.6
1,64,5,22.8
1,64,6,20.9
1,64,7,19.0
1,64,8,24.7
1,64,9,19.0
1,64,10,20.9
1,64,11,22.8
1,64,12,24.7
1,65,1,10.8
1,65,2,12.0
1,65,3,13.2
1,65,4,16.8
1,65,5,14.4
1,65,6,13.2
1,65,7,12.0
1,65,8,15.6
1,65,9,12.0
1,65,10,13.2
1,65,11,14.4
1,65,12,15.6
1,66,1,16.2
1,66,2,18.0
1,66,3,19.8
1,66,4,25.2
1,66,5,21.6
1,66,6,19.8
1,66,7,18.0
1,66,8,23.4
1,66,9,18.0
1,66,10,19.8
1,66,11,21.6
1,66,12,23.4
1,67,1,10.8
1,67,2,12.0
1,67,3,13.2
1,67,4,16.8
1,67,5,14.4
1,67,6,13.2
1,67,7,12.0
1,67,8,15.6
1,67,9,12.0
1,67,10,13.2
1,67,11,14.4
1,67,12,15.6
1,68,1,18.0
1,68,2,20.0
1,68,3,22.0
1,68,4,28.0
1,68,5,24.0
1,68,6,22.0
1,68,7,20.0
1,68,8,26.0
1,68,9,20.0
1,68,10,22.0
1,68,11,24.0
1,68,12,26.0
1,69,1,15.3
1,69,2,17.0
1,69,3,18.7
1,69,4,23.8
1,69,5,20.4
1,69,6,18.7
1,69,7,17.0
1,69,8,22.1
1,69,9,17.0
1,69,10,18.7
1,69,11,20.4
1,69,12,22.1
1,70,1,19.8
1,70,2,22.0
1,70,3,24.2
1,70,4,30.8
1,70,5,26.4
1,70,6,24.2
1,70,7,22.0
1,70,8,28.6
1,70,9,22.0
1,70,10,24.2
1,70,11,26.4
1,70,12,28.6
1,71,1,17.1
1,71,2,19.0
1,71,3,20.9
1,71,4,26.6
1,71,5,22.8
1,71,6,20.9
1,71,7,19.0
1,71,8,24.7
1,71,9,19.0
1,71,10,20.9
1,71,11,22.8
1,71,12,24.7
1,72,1,15.3
1,72,2,17.0
1,72,3,18.7
1,72,4,23.8
1,72,5,20.4
1,72,6,18.7
1,72,7,17.0
1,72,8,22.1
1,72,9,17.0
1,72,10,18.7
1,72,11,20.4
1,72,12,22.1
1,73,1,11.7
1,73,2,13.0
1,73,3,14.3
1,73,4,18.2
1,73,5,15.6
1,73,6,14.3
1,73,7,13.0
1,73,8,16.9
1,73,9,13.0
1,73,10,14.3
1,73,11,15.6
1,73,12,16.9
1,74,1,17.1
1,74,2,19.0
1,74,3,20.9
1,74,4,26.6
1,74,5,22.8
1,74,6,20.9
1,74,7,19.0
1,74,8,24.7
1,74,9,19.0
1,74,10,20.9
1,74,11,22.8
1,74,12,24.7
1,75,1,15.3
1,75,2,17.0
1,75,3,18.7
1,75,4,23.8
1,75,5,20.4
1,75,6,18.7
1,75,7,17.0
1,75,8,22.1
1,75,9,17.0
1,75,10,18.7
1,75,11,20.4
1,75,12,22.1
1,76,1,4.5
1,76,2,5.0
1,76,3,5.5
1,76,4,7.0
1,76,5,6.0
1,76,6,5.5
1,76,7,5.0
1,76,8,6.5
1,76,9,5.0
1,76,10,5.5
1,76,11,6.0
1,76,12,6.5
1,77,1,9.9
1,77,2,11.0
1,77,3,12.1
1,77,4,15.4
1,77,5,13.2
1,77,6,12.1
1,77,7,11.0
1,77,8,14.3
1,77,9,11.0
1,77,10,12.1
1,77,11,13.2
1,77,12,14.3
1,78,1,11.7
1,78,2,13.0
1,78,3,14.3
1,78,4,18.2
1,78,5,15.6
1,78,6,14.3
1,78,7,13.0
1,78,8,16.9
1,78,9,13.0
1,78,10,14.3
1,78,11,15.6
1,78,12,16.9
1,79,1,4.5
1,79,2,5.0
1,79,3,5.5
1,79,4,7.0
1,79,5,6.0
1,79,6,5.5
1,79,7,5.0
1,79,8,6.5
1,79,9,5.0
1,79,10,5.5
1,79,11,6.0
1,79,12,6.5
1,80,1,14.4
1,80,2,16.0
1,80,3,17.6
1,80,4,22.4
1,80,5,19.2
1,80,6,17.6
1,80,7,16.0
1,80,8,20.8
1,80,9,16.0
1,80,10,17.6
1,80,11,19.2
1,80,12,20.8
1,81,1,10.8
1,81,2,12.0
1,81,3,13.2
1,81,4,16.8
1,81,5,14.4
1,81,6,13.2
1,81,7,12.0
1,81,8,15.6
1,81,9,12.0
1,81,10,13.2
1,81,11,14.4
1,81,12,15.6
1,82,1,13.5
1,82,2,15.0
1,82,3,16.5
1,82,4,21.0
1,82,5,18.0
1,82,6,16.5
1,82,7,15.0
1,82,8,19.5
1,82,9,15.0
1,82,10,16.5
1,82,11,18.0
1,82,12,19.5
1,83,1,20.7
1,83,2,23.0
1,83,3,25.3
1,83,4,32.2
1,83,5,27.6
1,83,6,25.3
1,83,7,23.0
1,83,8,29.9
1,83,9,23.0
1,83,10,25.3
1,83,11,27.6
1,83,12,29.9
1,84,1,18.9
1,84,2,21.0
1,84,3,23.1
1,84,4,29.4
1,84,5,25.2
1,84,6,23.1
1,84,7,21.0
1,84,8,27.3
1,84,9,21.0
1,84,10,23.1
1,84,11,25.2
1,84,12,27.3
1,85,1,10.8
1,85,2,12.0
1,85,3,13.2
1,85,4,16.8
1,85,5,14.4
1,85,6,13.2
1,85,7,12.0
1,85,8,15.6
1,85,9,12.0
1,85,10,13.2
1,85,11,14.4
1,85,12,15.6
1,86,1,6.3
1,86,2,7.0
1,86,3,7.7
1,86,4,9.8
1,86,5,8.4
1,86,6,7.7
1,86,7,7.0
1,86,8,9.1
1,86,9,7.0
1,86,10,7.7
1,86,11,8.4
1,86,12,9.1
1,87,1,6.3
1,87,2,7.0
1,87,3,7.7
1,87,4,9.8
1,87,5,8.4
1,87,6,7.7
1,87,7,7.0
1,87,8,9.1
1,87,9,7.0
1,87,10,7.7
1,87,11,8.4
1,87,12,9.1
1,88,1,4.5
1,88,2,5.0
1,88,3,5.5
1,88,4,7.0
1,88,5,6.0
1,88,6,5.5
1,88,7,5.0
1,88,8,6.5
1,88,9,5.0
1,88,10,5.5
1,88,11,6.0
1,88,12,6.5
1,89,1,8.1
1,89,2,9.0
1,89,3,9.9
1,89,4,12.6
1,89,5,10.8
1,89,6,9.9
1,89,7,9.0
1,89,8,11.7
1,89,9,9.0
1,89,10,9.9
1,89,11,10.8
1,89,12,11.7
1,90,1,12.6
1,90,2,14.0
1,90,3,15.4
1,90,4,19.6
1,90,5,16.8
1,90,6,15.4
1,90,7,14.0
1,90,8,18.2
1,90,9,14.0
1,90,10,15.4
1,90,11,16.8
1,90,12,18.2
1,91,1,9.9
1,91,2,11.0
1,91,3,12.1
1,91,4,15.4
1,91,5,13.2
1,91,6,12.1
1,91,7,11.0
1,91,8,14.3
1,91,9,11.0
1,91,10,12.1
1,91,11,13.2
1,91,12,14.3
1,92,1,11.7
1,92,2,13.0
1,92,3,14.3
1,92,4,18.2
1,92,5,15.6
1,92,6,14.3
1,92,7,13.0
1,92,8,16.9
1,92,9,13.0
1,92,10,14.3
1,92,11,15.6
1,92,12,16.9
1,93,1,9.9
1,93,2,11.0
1,93,3,12.1
1,93,4,15.4
1,93,5,13.2
1,93,6,12.1
1,93,7,11.0
1,93,8,14.3
1,93,9,11.0
1,93,10,12.1
1,93,11,13.2
1,93,12,14.3
1,94,1,11.7
1,94,2,13.0
1,94,3,14.3
1,94,4,18.2
1,94,5,15.6
1,94,6,14.3
1,94,7,13.0
1,94,8,16.9
1,94,9,13.0
1,94,10,14.3
1,94,11,15.6
1,94,12,16.9
1,95,1,10.8
1,95,2,12.0
1,95,3,13.2
1,95,4,16.8
1,95,5,14.4
1,95,6,13.2
1,95,7,12.0
1,95,8,15.6
1,95,9,12.0
1,95,10,13.2
1,95,11,14.4
1,95,12,15.6
1,96,1,14.4
1,96,2,16.0
1,96,3,17.6
1,96,4,22.4
1,96,5,19.2
1,96,6,17.6
1,96,7,16.0
1,96,8,20.8
1,96,9,16.0
1,96,10,17.6
1,96,11,19.2
1,96,12,20.8
1,97,1,5.4
1,97,2,6.0
1,97,3,6.6
1,97,4,8.4
1,97,5,7.2
1,97,6,6.6
1,97,7,6.0
1,97,8,7.8
1,97,9,6.0
1,97,10,6.6
1,97,11,7.2
1,97,12,7.8
1,98,1,4.5
1,98,2,5.0
1,98,3,5.5
1,98,4,7.0
1,98,5,6.0
1,98,6,5.5
1,98,7,5.0
1,98,8,6.5
1,98,9,5.0
1,98,10,5.5
1,98,11,6.0
1,98,12,6.5
1,99,1,18.0
1,99,2,20.0
1,99,3,22.0
1,99,4,28.0
1,99,5,24.0
1,99,6,22.0
1,99,7,20.0
1,99,8,26.0
1,99,9,20.0
1,99,10,22.0
1,99,11,24.0
1,99,12,26.0
1,100,1,8.1
1,100,2,9.0
1,100,3,9.9
1,100,4,12.6
1,100,5,10.8
1,100,6,9.9
1,100,7,9.0
1,100,8,11.7
1,100,9,9.0
1,100,10,9.9
1,100,11,10.8
1,100,12,11.7
1,101,1,6.3
1,101,2,7.0
1,101,3,7.7
1,101,4,9.8
1,101,5,8.4
1,101,6,7.7
1,101,7,7.0
1,101,8,9.1
1,101,9,7.0
1,101,10,7.7
1,101,11,8.4
1,101,12,9.1
1,102,1,14.4
1,102,2,16.0
1,102,3,17.6
1,102,4,22.4
1,102,5,19.2
1,102,6,17.6
1,102,7,16.0
1,102,8,20.8
1,102,9,16.0
1,102,10,17.6
1,102,11,19.2
1,102,12,20.8
1,103,1,10.8
1,103,2,12.0
1,103,3,13.2
1,103,4,16.8
1,103,5,14.4
1,103,6,13.2
1,103,7,12.0
1,103,8,15.6
1,103,9,12.0
1,103,10,13.2
1,103,11,14.4
1,103,12,15.6
1,104,1,6.3
1,104,2,7.0
1,104,3,7.7
1,104,4,9.8
1,104,5,8.4
1,104,6,7.7
1,104,7,7.0
1,104,8,9.1
1,104,9,7.0
1,104,10,7.7
1,104,11,8.4
1,104,12,9.1
1,105,1,4.5
1,105,2,5.0
1,105,3,5.5
1,105,4,7.0
1,105,5,6.0
1,105,6,5.5
1,105,7,5.0
1,105,8,6.5
1,105,9,5.0
1,105,10,5.5
1,105,11,6.0
1,105,12,6.5
1,106,1,6.3
1,106,2,7.0
1,106,3,7.7
1,106,4,9.8
1,106,5,8.4
1,106,6,7.7
1,106,7,7.0
1,106,8,9.1
1,106,9,7.0
1,106,10,7.7
1,106,11,8.4
1,106,12,9.1
1,107,1,8.1
1,107,2,9.0
1,107,3,9.9
1,107,4,12.6
1,107,5,10.8
1,107,6,9.9
1,107,7,9.0
1,107,8,11.7
1,107,9,9.0
1,107,10,9.9
1,107,11,10.8
1,107,12,11.7
1,108,1,17.1
1,108,2,19.0
1,108,3,20.9
1,108,4,26.6
1,108,5,22.8
1,108,6,20.9
1,108,7,19.0
1,108,8,24.7
1,108,9,19.0
1,108,10,20.9
1,108,11,22.8
1,108,12,24.7
1,109,1,16.2
1,109,2,18.0
1,109,3,19.8
1,109,4,25.2
1,109,5,21.6
1,109,6,19.8
1,109,7,18.0
1,109,8,23.4
1,109,9,18.0
1,109,10,19.8
1,109,11,21.6
1,109,12,23.4
1,110,1,6.3
1,110,2,7.0
1,110,3,7.7
1,110,4,9.8
1,110,5,8.4
1,110,6,7.7
1,110,7,7.0
1,110,8,9.1
1,110,9,7.0
1,110,10,7.7
1,110,11,8.4
1,110,12,9.1
1,111,1,4.5
1,111,2,5.0
1,111,3,5.5
1,111,4,7.0
1,111,5,6.0
1,111,6,5.5
1,111,7,5.0
1,111,8,6.5
1,111,9,5.0
1,111,10,5.5
1,111,11,6.0
1,111,12,6.5
1,112,1,8.1
1,112,2,9.0
1,112,3,9.9
1,112,4,12.6
1,112,5,10.8
1,112,6,9.9
1,112,7,9.0
1,112,8,11.7
1,112,9,9.0
1,112,10,9.9
1,112,11,10.8
1,112,12,11.7
1,113,1,16.2
1,113,2,18.0
1,113,3,19.8
1,113,4,25.2
1,113,5,21.6
1,113,6,19.8
1,113,7,18.0
1,113,8,23.4
1,113,9,18.0
1,113,10,19.8
1,113,11,21.6
1,113,12,23.4
1,114,1,9.9
1,114,2,11.0
1,114,3,12.1
1,114,4,15.4
1,114,5,13.2
1,114,6,12.1
1,114,7,11.0
1,114,8,14.3
1,114,9,11.0
1,114,10,12.1
1,114,11,13.2
1,114,12,14.3
1,115,1,11.7
1,115,2,13.0
1,115,3,14.3
1,115,4,18.2
1,115,5,15.6
1,115,6,14.3
1,115,7,13.0
1,115,8,16.9
1,115,9,13.0
1,115,10,14.3
1,115,11,15.6
1,115,12,16.9
1,116,1,17.1
1,116,2,19.0
1,116,3,20.9
1,116,4,26.6
1,116,5,22.8
1,116,6,20.9
1,116,7,19.0
1,116,8,24.7
1,116,9,19.0
1,116,10,20.9
1,116,11,22.8
1,116,12,24.7
1,117,1,17.1
1,117,2,19.0
1,117,3,20.9
1,117,4,26.6
1,117,5,22.8
1,117,6,20.9
1,117,7,19.0
1,117,8,24.7
1,117,9,19.0
1,117,10,20.9
1,117,11,22.8
1,117,12,24.7
1,118,1,12.6
1,118,2,14.0
1,118,3,15.4
1,118,4,19.6
1,118,5,16.8
1,118,6,15.4
1,118,7,14.0
1,118,8,18.2
1,118,9,14.0
1,118,10,15.4
1,118,11,16.8
1,118,12,18.2
1,119,1,15.3
1,119,2,17.0
1,119,3,18.7
1,119,4,23.8
1,119,5,20.4
1,119,6,18.7
1,119,7,17.0
1,119,8,22.1
1,119,9,17.0
1,119,10,18.7
1,119,11,20.4
1,119,12,22.1
1,120,1,20.7
1,120,2,23.0
1,120,3,25.3
1,120,4,32.2
1,120,5,27.6
1,120,6,25.3
1,120,7,23.0
1,120,8,29.9
1,120,9,23.0
1,120,10,25.3
1,120,11,27.6
1,120,12,29.9
1,121,1,9.9
1,121,2,11.0
1,121,3,12.1
1,121,4,15.4
1,121,5,13.2
1,121,6,12.1
1,121,7,11.0
1,121,8,14.3
1,121,9,11.0
1,121,10,12.1
1,121,11,13.2
1,121,12,14.3
1,122,1,18.9
1,122,2,21.0
1,122,3,23.1
1,122,4,29.4
1,122,5,25.2
1,122,6,23.1
1,122,7,21.0
1,122,8,27.3
1,122,9,21.0
1,122,10,23.1
1,122,11,25.2
1,122,12,27.3
1,123,1,21.6
1,123,2,24.0
1,123,3,26.4
1,123,4,33.6
1,123,5,28.8
1,123,6,26.4
1,123,7,24.0
1,123,8,31.2
1,123,9,24.0
1,123,10,26.4
1,123,11,28.8
1,123,12,31.2
1,124,1,7.2
1,124,2,8.0
1,124,3,8.8
1,124,4,11.2
1,124,5,9.6
1,124,6,8.8
1,124,7,8.0
1,124,8,10.4
1,124,9,8.0
1,124,10,8.8
1,124,11,9.6
1,124,12,10.4
1,125,1,8.1
1,125,2,9.0
1,125,3,9.9
1,125,4,12.6
1,125,5,10.8
1,125,6,9.9
1,125,7,9.0
1,125,8,11.7
1,125,9,9.0
1,125,10,9.9
1,125,11,10.8
1,125,12,11.7
1,126,1,9.9
1,126,2,11.0
1,126,3,12.1
1,126,4,15.4
1,126,5,13.2
1,126,6,12.1
1,126,7,11.0
1,126,8,14.3
1,126,9,11.0
1,126,10,12.1
1,126,11,13.2
1,126,12,14.3
1,127,1,15.3
1,127,2,17.0
1,127,3,18.7
1,127,4,23.8
1,127,5,20.4
1,127,6,18.7
1,127,7,17.0
1,127,8,22.1
1,127,9,17.0
1,127,10,18.7
1,127,11,20.4
1,127,12,22.1
1,128,1,17.1
1,128,2,19.0
1,128,3,20.9
1,128,4,26.6
1,128,5,22.8
1,128,6,20.9
1,128,7,19.0
1,128,8,24.7
1,128,9,19.0
1,128,10,20.9
1,128,11,22.8
1,128,12,24.7
1,129,1,13.5
1,129,2,15.0
1,129,3,16.5
1,129,4,21.0
1,129,5,18.0
1,129,6,16.5
1,129,7,15.0
1,129,8,19.5
1,129,9,15.0
1,129,10,16.5
1,129,11,18.0
1,129,12,19.5
1,130,1,7.2
1,130,2,8.0
1,130,3,8.8
1,130,4,11.2
1,130,5,9.6
1,130,6,8.8
1,130,7,8.0
1,130,8,10.4
1,130,9,8.0
1,130,10,8.8
1,130,11,9.6
1,130,12,10.4
1,131,1,15.3
1,131,2,17.0
1,131,3,18.7
1,131,4,23.8
1,131,5,20.4
1,131,6,18.7
1,131,7,17.0
1,131,8,22.1
1,131,9,17.0
1,131,10,18.7
1,131,11,20.4
1,131,12,22.1
1,132,1,9.9
1,132,2,11.0
1,132,3,12.1
1,132,4,15.4
1,132,5,13.2
1,132,6,12.1
1,132,7,11.0
1,132,8,14.3
1,132,9,11.0
1,132,10,12.1
1,132,11,13.2
1,132,12,14.3
1,133,1,20.7
1,133,2,23.0
1,133,3,25.3
1,133,4,32.2
1,133,5,27.6
1,133,6,25.3
1,133,7,23.0
1,133,8,29.9
1,133,9,23.0
1,133,10,25.3
1,133,11,27.6
1,133,12,29.9
1,134,1,5.4
1,134,2,6.0
1,134,3,6.6
1,134,4,8.4
1,134,5,7.2
1,134,6,6.6
1,134,7,6.0
1,134,8,7.8
1,134,9,6.0
1,134,10,6.6
1,134,11,7.2
1,134,12,7.8
1,135,1,12.6
1,135,2,14.0
1,135,3,15.4
1,135,4,19.6
1,135,5,16.8
1,135,6,15.4
1,135,7,14.0
1,135,8,18.2
1,135,9,14.0
1,135,10,15.4
1,135,11,16.8
1,135,12,18.2
1,136,1,15.3
1,136,2,17.0
1,136,3,18.7
1,136,4,23.8
1,136,5,20.4
1,136,6,18.7
1,136,7,17.0
1,136,8,22.1
1,136,9,17.0
1,136,10,18.7
1,136,11,20.4
1,136,12,22.1
1,137,1,9.0
1,137,2,10.0
1,137,3,11.0
1,137,4,14.0
1,137,5,12.0
1,137,6,11.0
1,137,7,10.0
1,137,8,13.0
1,137,9,10.0
1,137,10,11.0
1,137,11,12.0
1,137,12,13.0
1,138,1,14.4
1,138,2,16.0
1,138,3,17.6
1,138,4,22.4
1,138,5,19.2
1,138,6,17.6
1,138,7,16.0
1,138,8,20.8
1,138,9,16.0
1,138,10,17.6
1,138,11,19.2
1,138,12,20.8
1,139,1,14.4
1,139,2,16.0
1,139,3,17.6
1,139,4,22.4
1,139,5,19.2
1,139,6,17.6
1,139,7,16.0
1,139,8,20.8
1,139,9,16.0
1,139,10,17.6
1,139,11,19.2
1,139,12,20.8
1,140,1,21.6
1,140,2,24.0
1,140,3,26.4
1,140,4,33.6
1,140,5,28.8
1,140,6,26.4
1,140,7,24.0
1,140,8,31.2
1,140,9,24.0
1,140,10,26.4
1,140,11,28.8
1,140,12,31.2
1,141,1,13.5
1,141,2,15.0
1,141,3,16.5
1,141,4,21.0
1,141,5,18.0
1,141,6,16.5
1,141,7,15.0
1,141,8,19.5
1,141,9,15.0
1,141,10,16.5
1,141,11,18.0
1,141,12,19.5
1,142,1,9.9
1,142,2,11.0
1,142,3,12.1
1,142,4,15.4
1,142,5,13.2
1,142,6,12.1
1,142,7,11.0
1,142,8,14.3
1,142,9,11.0
1,142,10,12.1
1,142,11,13.2
1,142,12,14.3
1,143,1,4.5
1,143,2,5.0
1,143,3,5.5
1,143,4,7.0
1,143,5,6.0
1,143,6,5.5
1,143,7,5.0
1,143,8,6.5
1,143,9,5.0
1,143,10,5.5
1,143,11,6.0
1,143,12,6.5
1,144,1,4.5
1,144,2,5.0
1,144,3,5.5
1,144,4,7.0
1,144,5,6.0
1,144,6,5.5
1,144,7,5.0
1,144,8,6.5
1,144,9,5.0
1,144,10,5.5
1,144,11,6.0
1,144,12,6.5
1,145,1,21.6
1,145,2,24.0
1,145,3,26.4
1,145,4,33.6
1,145,5,28.8
1,145,6,26.4
1,145,7,24.0
1,145,8,31.2
1,145,9,24.0
1,145,10,26.4
1,145,11,28.8
1,145,12,31.2
1,146,1,15.3
1,146,2,17.0
1,146,3,18.7
1,146,4,23.8
1,146,5,20.4
1,146,6,18.7
1,146,7,17.0
1,146,8,22.1
1,146,9,17.0
1,146,10,18.7
1,146,11,20.4
1,146,12,22.1
1,147,1,11.7
1,147,2,13.0
1,147,3,14.3
1,147,4,18.2
1,147,5,15.6
1,147,6,14.3
1,147,7,13.0
1,147,8,16.9
1,147,9,13.0
1,147,10,14.3
1,147,11,15.6
1,147,12,16.9
1,148,1,6.3
1,148,2,7.0
1,148,3,7.7
1,148,4,9.8
1,148,5,8.4
1,148,6,7.7
1,148,7,7.0
1,148,8,9.1
1,148,9,7.0
1,148,10,7.7
1,148,11,8.4
1,148,12,9.1
1,149,1,9.9
1,149,2,11.0
1,149,3,12.1
1,149,4,15.4
1,149,5,13.2
1,149,6,12.1
1,149,7,11.0
1,149,8,14.3
1,149,9,11.0
1,149,10,12.1
1,149,11,13.2
1,149,12,14.3
1,150,1,9.0
1,150,2,10.0
1,150,3,11.0
1,150,4,14.0
1,150,5,12.0
1,150,6,11.0
1,150,7,10.0
1,150,8,13.0
1,150,9,10.0
1,150,10,11.0
1,150,11,12.0
1,150,12,13.0
1,151,1,10.8
1,151,2,12.0
1,151,3,13.2
1,151,4,16.8
1,151,5,14.4
1,151,6,13.2
1,151,7,12.0
1,151,8,15.6
1,151,9,12.0
1,151,10,13.2
1,151,11,14.4
1,151,12,15.6
1,152,1,11.7
1,152,2,13.0
1,152,3,14.3
1,152,4,18.2
1,152,5,15.6
1,152,6,14.3
1,152,7,13.0
1,152,8,16.9
1,152,9,13.0
1,152,10,14.3
1,152,11,15.6
1,152,12,16.9
1,153,1,8.1
1,153,2,9.0
1,153,3,9.9
1,153,4,12.6
1,153,5,10.8
1,153,6,9.9
1,153,7,9.0
1,153,8,11.7
1,153,9,9.0
1,153,10,9.9
1,153,11,10.8
1,153,12,11.7
1,154,1,4.5
1,154,2,5.0
1,154,3,5.5
1,154,4,7.0
1,154,5,6.0
1,154,6,5.5
1,154,7,5.0
1,154,8,6.5
1,154,9,5.0
1,154,10,5.5
1,154,11,6.0
1,154,12,6.5
1,155,1,20.7
1,155,2,23.0
1,155,3,25.3
1,155,4,32.2
1,155,5,27.6
1,155,6,25.3
1,155,7,23.0
1,155,8,29.9
1,155,9,23.0
1,155,10,25.3
1,155,11,27.6
1,155,12,29.9
1,156,1,12.6
1,156,2,14.0
1,156,3,15.4
1,156,4,19.6
1,156,5,16.8
1,156,6,15.4
1,156,7,14.0
1,156,8,18.2
1,156,9,14.0
1,156,10,15.4
1,156,11,16.8
1,156,12,18.2
1,157,1,14.4
1,157,2,16.0
1,157,3,17.6
1,157,4,22.4
1,157,5,19.2
1,157,6,17.6
1,157,7,16.0
1,157,8,20.8
1,157,9,16.0
1,157,10,17.6
1,157,11,19.2
1,157,12,20.8
1,158,1,17.1
1,158,2,19.0
1,158,3,20.9
1,158,4,26.6
1,158,5,22.8
1,158,6,20.9
1,158,7,19.0
1,158,8,24.7
1,158,9,19.0
1,158,10,20.9
1,158,11,22.8
1,158,12,24.7
1,159,1,11.7
1,159,2,13.0
1,159,3,14.3
1,159,4,18.2
1,159,5,15.6
1,159,6,14.3
1,159,7,13.0
1,159,8,16.9
1,159,9,13.0
1,159,10,14.3
1,159,11,15.6
1,159,12,16.9
1,160,1,21.6
1,160,2,24.0
1,160,3,26.4
1,160,4,33.6
1,160,5,28.8
1,160,6,26.4
1,160,7,24.0
1,160,8,31.2
1,160,9,24.0
1,160,10,26.4
1,160,11,28.8
1,160,12,31.2
1,161,1,18.9
1,161,2,21.0
1,161,3,23.1
1,161,4,29.4
1,161,5,25.2
1,161,6,23.1
1,161,7,21.0
1,161,8,27.3
1,161,9,21.0
1,161,10,23.1
1,161,11,25.2
1,161,12,27.3
1,162,1,18.9
1,162,2,21.0
1,162,3,23.1
1,162,4,29.4
1,162,5,25.2
1,162,6,23.1
1,162,7,21.0
1,162,8,27.3
1,162,9,21.0
1,162,10,23.1
1,162,11,25.2
1,162,12,27.3
1,163,1,21.6
1,163,2,24.0
1,163,3,26.4
1,163,4,33.6
1,163,5,28.8
1,163,6,26.4
1,163,7,24.0
1,163,8,31.2
1,163,9,24.0
1,163,10,26.4
1,163,11,28.8
1,163,12,31.2
1,164,1,14.4
1,164,2,16.0
1,164,3,17.6
1,164,4,22.4
1,164,5,19.2
1,164,6,17.6
1,164,7,16.0
1,164,8,20.8
1,164,9,16.0
1,164,10,17.6
1,164,11,19.2
1,164,12,20.8
1,165,1,9.9
1,165,2,11.0
1,165,3,12.1
1,165,4,15.4
1,165,5,13.2
1,165,6,12.1
1,165,7,11.0
1,165,8,14.3
1,165,9,11.0
1,165,10,12.1
1,165,11,13.2
1,165,12,14.3
1,166,1,5.4
1,166,2,6.0
1,166,3,6.6
1,166,4,8.4
1,166,5,7.2
1,166,6,6.6
1,166,7,6.0
1,166,8,7.8
1,166,9,6.0
1,166,10,6.6
1,166,11,7.2
1,166,12,7.8
1,167,1,6.3
1,167,2,7.0
1,167,3,7.7
1,167,4,9.8
1,167,5,8.4
1,167,6,7.7
1,167,7,7.0
1,167,8,9.1
1,167,9,7.0
1,167,10,7.7
1,167,11,8.4
1,167,12,9.1
1,168,1,18.9
1,168,2,21.0
1,168,3,23.1
1,168,4,29.4
1,168,5,25.2
1,168,6,23.1
1,168,7,21.0
1,168,8,27.3
1,168,9,21.0
1,168,10,23.1
1,168,11,25.2
1,168,12,27.3
1,169,1,8.1
1,169,2,9.0
1,169,3,9.9
1,169,4,12.6
1,169,5,10.8
1,169,6,9.9
1,169,7,9.0
1,169,8,11.7
1,169,9,9.0
1,169,10,9.9
1,169,11,10.8
1,169,12,11.7
1,170,1,18.9
1,170,2,21.0
1,170,3,23.1
1,170,4,29.4
1,170,5,25.2
1,170,6,23.1
1,170,7,21.0
1,170,8,27.3
1,170,9,21.0
1,170,10,23.1
1,170,11,25.2
1,170,12,27.3
1,171,1,18.9
1,171,2,21.0
1,171,3,23.1
1,171,4,29.4
1,171,5,25.2
1,171,6,23.1
1,171,7,21.0
1,171,8,27.3
1,171,9,21.0
1,171,10,23.1
1,171,11,25.2
1,171,12,27.3
1,172,1,18.9
1,172,2,21.0
1,172,3,23.1
1,172,4,29.4
1,172,5,25.2
1,172,6,23.1
1,172,7,21.0
1,172,8,27.3
1,172,9,21.0
1,172,10,23.1
1,172,11,25.2
1,172,12,27.3
1,173,1,5.4
1,173,2,6.0
1,173,3,6.6
1,173,4,8.4
1,173,5,7.2
1,173,6,6.6
1,173,7,6.0
1,173,8,7.8
1,173,9,6.0
1,173,10,6.6
1,173,11,7.2
1,173,12,7.8
1,174,1,5.4
1,174,2,6.0
1,174,3,6.6
1,174,4,8.4
1,174,5,7.2
1,174,6,6.6
1,174,7,6.0
1,174,8,7.8
1,174,9,6.0
1,174,10,6.6
1,174,11,7.2
1,174,12,7.8
1,175,1,8.1
1,175,2,9.0
1,175,3,9.9
1,175,4,12.6
1,175,5,10.8
1,175,6,9.9
1,175,7,9.0
1,175,8,11.7
1,175,9,9.0
1,175,10,9.9
1,175,11,10.8
1,175,12,11.7
1,176,1,4.5
1,176,2,5.0
1,176,3,5.5
1,176,4,7.0
1,176,5,6.0
1,176,6,5.5
1,176,7,5.0
1,176,8,6.5
1,176,9,5.0
1,176,10,5.5
1,176,11,6.0
1,176,12,6.5
1,177,1,4.5
1,177,2,5.0
1,177,3,5.5
1,177,4,7.0
1,177,5,6.0
1,177,6,5.5
1,177,7,5.0
1,177,8,6.5
1,177,9,5.0
1,177,10,5.5
1,177,11,6.0
1,177,12,6.5
1,178,1,20.7
1,178,2,23.0
1,178,3,25.3
1,178,4,32.2
1,178,5,27.6
1,178,6,25.3
1,178,7,23.0
1,178,8,29.9
1,178,9,23.0
1,178,10,25.3
1,178,11,27.6
1,178,12,29.9
1,179,1,5.4
1,179,2,6.0
1,179,3,6.6
1,179,4,8.4
1,179,5,7.2
1,179,6,6.6
1,179,7,6.0
1,179,8,7.8
1,179,9,6.0
1,179,10,6.6
1,179,11,7.2
1,179,12,7.8
1,180,1,14.4
1,180,2,16.0
1,180,3,17.6
1,180,4,22.4
1,180,5,19.2
1,180,6,17.6
1,180,7,16.0
1,180,8,20.8
1,180,9,16.0
1,180,10,17.6
1,180,11,19.2
1,180,12,20.8
1,181,1,9.0
1,181,2,10.0
1,181,3,11.0
1,181,4,14.0
1,181,5,12.0
1,181,6,11.0
1,181,7,10.0
1,181,8,13.0
1,181,9,10.0
1,181,10,11.0
1,181,11,12.0
1,181,12,13.0
1,182,1,7.2
1,182,2,8.0
1,182,3,8.8
1,182,4,11.2
1,182,5,9.6
1,182,6,8.8
1,182,7,8.0
1,182,8,10.4
1,182,9,8.0
1,182,10,8.8
1,182,11,9.6
1,182,12,10.4
1,183,1,13.5
1,183,2,15.0
1,183,3,16.5
1,183,4,21.0
1,183,5,18.0
1,183,6,16.5
1,183,7,15.0
1,183,8,19.5
1,183,9,15.0
1,183,10,16.5
1,183,11,18.0
1,183,12,19.5
1,184,1,18.9
1,184,2,21.0
1,184,3,23.1
1,184,4,29.4
1,184,5,25.2
1,184,6,23.1
1,184,7,21.0
1,184,8,27.3
1,184,9,21.0
1,184,10,23.1
1,184,11,25.2
1,184,12,27.3
1,185,1,9.0
1,185,2,10.0
1,185,3,11.0
1,185,4,14.0
1,185,5,12.0
1,185,6,11.0
1,185,7,10.0
1,185,8,13.0
1,185,9,10.0
1,185,10,11.0
1,185,11,12.0
1,185,12,13.0
1,186,1,8.1
1,186,2,9.0
1,186,3,9.9
1,186,4,12.6
1,186,5,10.8
1,186,6,9.9
1,186,7,9.0
1,186,8,11.7
1,186,9,9.0
1,186,10,9.9
1,186,11,10.8
1,186,12,11.7
1,187,1,21.6
1,187,2,24.0
1,187,3,26.4
1,187,4,33.6
1,187,5,28.8
1,187,6,26.4
1,187,7,24.0
1,187,8,31.2
1,187,9,24.0
1,187,10,26.4
1,187,11,28.8
1,187,12,31.2
1,188,1,5.4
1,188,2,6.0
1,188,3,6.6
1,188,4,8.4
1,188,5,7.2
1,188,6,6.6
1,188,7,6.0
1,188,8,7.8
1,188,9,6.0
1,188,10,6.6
1,188,11,7.2
1,188,12,7.8
1,189,1,9.0
1,189,2,10.0
1,189,3,11.0
1,189,4,14.0
1,189,5,12.0
1,189,6,11.0
1,189,7,10.0
1,189,8,13.0
1,189,9,10.0
1,189,10,11.0
1,189,11,12.0
1,189,12,13.0
1,190,1,13.5
1,190,2,15.0
1,190,3,16.5
1,190,4,21.0
1,190,5,18.0
1,190,6,16.5
1,190,7,15.0
1,190,8,19.5
1,190,9,15.0
1,190,10,16.5
1,190,11,18.0
1,190,12,19.5
1,191,1,18.0
1,191,2,20.0
1,191,3,22.0
1,191,4,28.0
1,191,5,24.0
1,191,6,22.0
1,191,7,20.0
1,191,8,26.0
1,191,9,20.0
1,191,10,22.0
1,191,11,24.0
1,191,12,26.0
1,192,1,18.0
1,192,2,20.0
1,192,3,22.0
1,192,4,28.0
1,192,5,24.0
1,192,6,22.0
1,192,7,20.0
1,192,8,26.0
1,192,9,20.0
1,192,10,22.0
1,192,11,24.0
1,192,12,26.0
1,193,1,4.5
1,193,2,5.0
1,193,3,5.5
1,193,4,7.0
1,193,5,6.0
1,193,6,5.5
1,193,7,5.0
1,193,8,6.5
1,193,9,5.0
1,193,10,5.5
1,193,11,6.0
1,193,12,6.5
1,194,1,11.7
1,194,2,13.0
1,194,3,14.3
1,194,4,18.2
1,194,5,15.6
1,194,6,14.3
1,194,7,13.0
1,194,8,16.9
1,194,9,13.0
1,194,10,14.3
1,194,11,15.6
1,194,12,16.9
1,195,1,9.0
1,195,2,10.0
1,195,3,11.0
1,195,4,14.0
1,195,5,12.0
1,195,6,11.0
1,195,7,10.0
1,195,8,13.0
1,195,9,10.0
1,195,10,11.0
1,195,11,12.0
1,195,12,13.0
1,196,1,18.0
1,196,2,20.0
1,196,3,22.0
1,196,4,28.0
1,196,5,24.0
1,196,6,22.0
1,196,7,20.0
1,196,8,26.0
1,196,9,20.0
1,196,10,22.0
1,196,11,24.0
1,196,12,26.0
1,197,1,6.3
1,197,2,7.0
1,197,3,7.7
1,197,4,9.8
1,197,5,8.4
1,197,6,7.7
1,197,7,7.0
1,197,8,9.1
1,197,9,7.0
1,197,10,7.7
1,197,11,8.4
1,197,12,9.1
1,198,1,21.6
1,198,2,24.0
1,198,3,26.4
1,198,4,33.6
1,198,5,28.8
1,198,6,26.4
1,198,7,24.0
1,198,8,31.2
1,198,9,24.0
1,198,10,26.4
1,198,11,28.8
1,198,12,31.2
1,199,1,7.2
1,199,2,8.0
1,199,3,8.8
1,199,4,11.2
1,199,5,9.6
1,199,6,8.8
1,199,7,8.0
1,199,8,10.4
1,199,9,8.0
1,199,10,8.8
1,199,11,9.6
1,199,12,10.4
1,200,1,20.7
1,200,2,23.0
1,200,3,25.3
1,200,4,32.2
1,200,5,27.6
1,200,6,25.3
1,200,7,23.0
1,200,8,29.9
1,200,9,23.0
1,200,10,25.3
1,200,11,27.6
1,200,12,29.9
1,201,1,6.3
1,201,2,7.0
1,201,3,7.7
1,201,4,9.8
1,201,5,8.4
1,201,6,7.7
1,201,7,7.0
1,201,8,9.1
1,201,9,7.0
1,201,10,7.7
1,201,11,8.4
1,201,12,9.1
1,202,1,20.7
1,202,2,23.0
1,202,3,25.3
1,202,4,32.2
1,202,5,27.6
1,202,6,25.3
1,202,7,23.0
1,202,8,29.9
1,202,9,23.0
1,202,10,25.3
1,202,11,27.6
1,202,12,29.9
1,203,1,21.6
1,203,2,24.0
1,203,3,26.4
1,203,4,33.6
1,203,5,28.8
1,203,6,26.4
1,203,7,24.0
1,203,8,31.2
1,203,9,24.0
1,203,10,26.4
1,203,11,28.8
1,203,12,31.2
1,204,1,9.9
1,204,2,11.0
1,204,3,12.1
1,204,4,15.4
1,204,5,13.2
1,204,6,12.1
1,204,7,11.0
1,204,8,14.3
1,204,9,11.0
1,204,10,12.1
1,204,11,13.2
1,204,12,14.3
1,205,1,21.6
1,205,2,24.0
1,205,3,26.4
1,205,4,33.6
1,205,5,28.8
1,205,6,26.4
1,205,7,24.0
1,205,8,31.2
1,205,9,24.0
1,205,10,26.4
1,205,11,28.8
1,205,12,31.2
1,206,1,11.7
1,206,2,13.0
1,206,3,14.3
1,206,4,18.2
1,206,5,15.6
1,206,6,14.3
1,206,7,13.0
1,206,8,16.9
1,206,9,13.0
1,206,10,14.3
1,206,11,15.6
1,206,12,16.9
1,207,1,4.5
1,207,2,5.0
1,207,3,5.5
1,207,4,7.0
1,207,5,6.0
1,207,6,5.5
1,207,7,5.0
1,207,8,6.5
1,207,9,5.0
1,207,10,5.5
1,207,11,6.0
1,207,12,6.5
1,208,1,10.8
1,208,2,12.0
1,208,3,13.2
1,208,4,16.8
1,208,5,14.4
1,208,6,13.2
1,208,7,12.0
1,208,8,15.6
1,208,9,12.0
1,208,10,13.2
1,208,11,14.4
1,208,12,15.6
1,209,1,9.9
1,209,2,11.0
1,209,3,12.1
1,209,4,15.4
1,209,5,13.2
1,209,6,12.1
1,209,7,11.0
1,209,8,14.3
1,209,9,11.0
1,209,10,12.1
1,209,11,13.2
1,209,12,14.3
2,1,1,19.8
2,1,2,22.0
2,1,3,24.2
2,1,4,30.8
2,1,5,26.4
2,1,6,24.2
2,1,7,22.0
2,1,8,28.6
2,1,9,22.0
2,1,10,24.2
2,1,11,26.4
2,1,12,28.6
2,2,1,10.8
2,2,2,12.0
2,2,3,13.2
2,2,4,16.8
2,2,5,14.4
2,2,6,13.2
2,2,7,12.0
2,2,8,15.6
2,2,9,12.0
2,2,10,13.2
2,2,11,14.4
2,2,12,15.6
2,3,1,4.5
2,3,2,5.0
2,3,3,5.5
2,3,4,7.0
2,3,5,6.0
2,3,6,5.5
2,3,7,5.0
2,3,8,6.5
2,3,9,5.0
2,3,10,5.5
2,3,11,6.0
2,3,12,6.5
2,4,1,13.5
2,4,2,15.0
2,4,3,16.5
2,4,4,21.0
2,4,5,18.0
2,4,6,16.5
2,4,7,15.0
2,4,8,19.5
2,4,9,15.0
2,4,10,16.5
2,4,11,18.0
2,4,12,19.5
2,5,1,19.8
2,5,2,22.0
2,5,3,24.2
2,5,4,30.8
2,5,5,26.4
2,5,6,24.2
2,5,7,22.0
2,5,8,28.6
2,5,9,22.0
2,5,10,24.2
2,5,11,26.4
2,5,12,28.6
2,6,1,12.6
2,6,2,14.0
2,6,3,15.4
2,6,4,19.6
2,6,5,16.8
2,6,6,15.4
2,6,7,14.0
2,6,8,18.2
2,6,9,14.0
2,6,10,15.4
2,6,11,16.8
2,6,12,18.2
2,7,1,6.3
2,7,2,7.0
2,7,3,7.7
2,7,4,9.8
2,7,5,8.4
2,7,6,7.7
2,7,7,7.0
2,7,8,9.1
2,7,9,7.0
2,7,10,7.7
2,7,11,8.4
2,7,12,9.1
2,8,1,9.9
2,8,2,11.0
2,8,3,12.1
2,8,4,15.4
2,8,5,13.2
2,8,6,12.1
2,8,7,11.0
2,8,8,14.3
2,8,9,11.0
2,8,10,12.1
2,8,11,13.2
2,8,12,14.3
2,9,1,18.0
2,9,2,20.0
2,9,3,22.0
2,9,4,28.0
2,9,5,24.0
2,9,6,22.0
2,9,7,20.0
2,9,8,26.0
2,9,9,20.0
2,9,10,22.0
2,9,11,24.0
2,9,12,26.0
2,10,1,18.0
2,10,2,20.0
2,10,3,22.0
2,10,4,28.0
2,10,5,24.0
2,10,6,22.0
2,10,7,20.0
2,10,8,26.0
2,10,9,20.0
2,10,10,22.0
2,10,11,24.0
2,10,12,26.0
2,11,1,21.6
2,11,2,24.0
2,11,3,26.4
2,11,4,33.6
2,11,5,28.8
2,11,6,26.4
2,11,7,24.0
2,11,8,31.2
2,11,9,24.0
2,11,10,26.4
2,11,11,28.8
2,11,12,31.2
2,12,1,18.9
2,12,2,21.0
2,12,3,23.1
2,12,4,29.4
2,12,5,25.2
2,12,6,23.1
2,12,7,21.0
2,12,8,27.3
2,12,9,21.0
2,12,10,23.1
2,12,11,25.2
2,12,12,27.3
2,13,1,5.4
2,13,2,6.0
2,13,3,6.6
2,13,4,8.4
2,13,5,7.2
2,13,6,6.6
2,13,7,6.0
2,13,8,7.8
2,13,9,6.0
2,13,10,6.6
2,13,11,7.2
2,13,12,7.8
2,14,1,4.5
2,14,2,5.0
2,14,3,5.5
2,14,4,7.0
2,14,5,6.0
2,14,6,5.5
2,14,7,5.0
2,14,8,6.5
2,14,9,5.0
2,14,10,5.5
2,14,11,6.0
2,14,12,6.5
2,15,1,18.0
2,15,2,20.0
2,15,3,22.0
2,15,4,28.0
2,15,5,24.0
2,15,6,22.0
2,15,7,20.0
2,15,8,26.0
2,15,9,20.0
2,15,10,22.0
2,15,11,24.0
2,15,12,26.0
2,16,1,14.4
2,16,2,16.0
2,16,3,17.6
2,16,4,22.4
2,16,5,19.2
2,16,6,17.6
2,16,7,16.0
2,16,8,20.8
2,16,9,16.0
2,16,10,17.6
2,16,11,19.2
2,16,12,20.8
2,17,1,8.1
2,17,2,9.0
2,17,3,9.9
2,17,4,12.6
2,17,5,10.8
2,17,6,9.9
2,17,7,9.0
2,17,8,11.7
2,17,9,9.0
2,17,10,9.9
2,17,11,10.8
2,17,12,11.7
2,18,1,8.1
2,18,2,9.0
2,18,3,9.9
2,18,4,12.6
2,18,5,10.8
2,18,6,9.9
2,18,7,9.0
2,18,8,11.7
2,18,9,9.0
2,18,10,9.9
2,18,11,10.8
2,18,12,11.7
2,19,1,11.7
2,19,2,13.0
2,19,3,14.3
2,19,4,18.2
2,19,5,15.6
2,19,6,14.3
2,19,7,13.0
2,19,8,16.9
2,19,9,13.0
2,19,10,14.3
2,19,11,15.6
2,19,12,16.9
2,20,1,11.7
2,20,2,13.0
2,20,3,14.3
2,20,4,18.2
2,20,5,15.6
2,20,6,14.3
2,20,7,13.0
2,20,8,16.9
2,20,9,13.0
2,20,10,14.3
2,20,11,15.6
2,20,12,16.9
2,21,1,6.3
2,21,2,7.0
2,21,3,7.7
2,21,4,9.8
2,21,5,8.4
2,21,6,7.7
2,21,7,7.0
2,21,8,9.1
2,21,9,7.0
2,21,10,7.7
2,21,11,8.4
2,21,12,9.1
2,22,1,20.7
2,22,2,23.0
2,22,3,25.3
2,22,4,32.2
2,22,5,27.6
2,22,6,25.3
2,22,7,23.0
2,22,8,29.9
2,22,9,23.0
2,22,10,25.3
2,22,11,27.6
2,22,12,29.9
2,23,1,18.0
2,23,2,20.0
2,23,3,22.0
2,23,4,28.0
2,23,5,24.0
2,23,6,22.0
2,23,7,20.0
2,23,8,26.0
2,23,9,20.0
2,23,10,22.0
2,23,11,24.0
2,23,12,26.0
2,24,1,18.0
2,24,2,20.0
2,24,3,22.0
2,24,4,28.0
2,24,5,24.0
2,24,6,22.0
2,24,7,20.0
2,24,8,26.0
2,24,9,20.0
2,24,10,22.0
2,24,11,24.0
2,24,12,26.0
2,25,1,6.3
2,25,2,7.0
2,25,3,7.7
2,25,4,9.8
2,25,5,8.4
2,25,6,7.7
2,25,7,7.0
2,25,8,9.1
2,25,9,7.0
2,25,10,7.7
2,25,11,8.4
2,25,12,9.1
2,26,1,21.6
2,26,2,24.0
2,26,3,26.4
2,26,4,33.6
2,26,5,28.8
2,26,6,26.4
2,26,7,24.0
2,26,8,31.2
2,26,9,24.0
2,26,10,26.4
2,26,11,28.8
2,26,12,31.2
2,27,1,4.5
2,27,2,5.0
2,27,3,5.5
2,27,4,7.0
2,27,5,6.0
2,27,6,5.5
2,27,7,5.0
2,27,8,6.5
2,27,9,5.0
2,27,10,5.5
2,27,11,6.0
2,27,12,6.5
2,28,1,21.6
2,28,2,24.0
2,28,3,26.4
2,28,4,33.6
2,28,5,28.8
2,28,6,26.4
2,28,7,24.0
2,28,8,31.2
2,28,9,24.0
2,28,10,26.4
2,28,11,28.8
2,28,12,31.2
2,29,1,13.5
2,29,2,15.0
2,29,3,16.5
2,29,4,21.0
2,29,5,18.0
2,29,6,16.5
2,29,7,15.0
2,29,8,19.5
2,29,9,15.0
2,29,10,16.5
2,29,11,18.0
2,29,12,19.5
2,30,1,18.9
2,30,2,21.0
2,30,3,23.1
2,30,4,29.4
2,30,5,25.2
2,30,6,23.1
2,30,7,21.0
2,30,8,27.3
2,30,9,21.0
2,30,10,23.1
2,30,11,25.2
2,30,12,27.3
2,31,1,10.8
2,31,2,12.0
2,31,3,13.2
2,31,4,16.8
2,31,5,14.4
2,31,6,13.2
2,31,7,12.0
2,31,8,15.6
2,31,9,12.0
2,31,10,13.2
2,31,11,14.4
2,31,12,15.6
2,32,1,7.2
2,32,2,8.0
2,32,3,8.8
2,32,4,11.2
2,32,5,9.6
2,32,6,8.8
2,32,7,8.0
2,32,8,10.4
2,32,9,8.0
2,32,10,8.8
2,32,11,9.6
2,32,12,10.4
2,33,1,9.0
2,33,2,10.0
2,33,3,11.0
2,33,4,14.0
2,33,5,12.0
2,33,6,11.0
2,33,7,10.0
2,33,8,13.0
2,33,9,10.0
2,33,10,11.0
2,33,11,12.0
2,33,12,13.0
2,34,1,10.8
2,34,2,12.0
2,34,3,13.2
2,34,4,16.8
2,34,5,14.4
2,34,6,13.2
2,34,7,12.0
2,34,8,15.6
2,34,9,12.0
2,34,10,13.2
2,34,11,14.4
2,34,12,15.6
2,35,1,21.6
2,35,2,24.0
2,35,3,26.4
2,35,4,33.6
2,35,5,28.8
2,35,6,26.4
2,35,7,24.0
2,35,8,31.2
2,35,9,24.0
2,35,10,26.4
2,35,11,28.8
2,35,12,31.2
2,36,1,6.3
2,36,2,7.0
2,36,3,7.7
2,36,4,9.8
2,36,5,8.4
2,36,6,7.7
2,36,7,7.0
2,36,8,9.1
2,36,9,7.0
2,36,10,7.7
2,36,11,8.4
2,36,12,9.1
2,37,1,18.0
2,37,2,20.0
2,37,3,22.0
2,37,4,28.0
2,37,5,24.0
2,37,6,22.0
2,37,7,20.0
2,37,8,26.0
2,37,9,20.0
2,37,10,22.0
2,37,11,24.0
2,37,12,26.0
2,38,1,6.3
2,38,2,7.0
2,38,3,7.7
2,38,4,9.8
2,38,5,8.4
2,38,6,7.7
2,38,7,7.0
2,38,8,9.1
2,38,9,7.0
2,38,10,7.7
2,38,11,8.4
2,38,12,9.1
2,39,1,19.8
2,39,2,22.0
2,39,3,24.2
2,39,4,30.8
2,39,5,26.4
2,39,6,24.2
2,39,7,22.0
2,39,8,28.6
2,39,9,22.0
2,39,10,24.2
2,39,11,26.4
2,39,12,28.6
2,40,1,16.2
2,40,2,18.0
2,40,3,19.8
2,40,4,25.2
2,40,5,21.6
2,40,6,19.8
2,40,7,18.0
2,40,8,23.4
2,40,9,18.0
2,40,10,19.8
2,40,11,21.6
2,40,12,23.4
2,41,1,19.8
2,41,2,22.0
2,41,3,24.2
2,41,4,30.8
2,41,5,26.4
2,41,6,24.2
2,41,7,22.0
2,41,8,28.6
2,41,9,22.0
2,41,10,24.2
2,41,11,26.4
2,41,12,28.6
2,42,1,5.4
2,42,2,6.0
2,42,3,6.6
2,42,4,8.4
2,42,5,7.2
2,42,6,6.6
2,42,7,6.0
2,42,8,7.8
2,42,9,6.0
2,42,10,6.6
2,42,11,7.2
2,42,12,7.8
2,43,1,6.3
2,43,2,7.0
2,43,3,7.7
2,43,4,9.8
2,43,5,8.4
2,43,6,7.7
2,43,7,7.0
2,43,8,9.1
2,43,9,7.0
2,43,10,7.7
2,43,11,8.4
2,43,12,9.1
2,44,1,18.0
2,44,2,20.0
2,44,3,22.0
2,44,4,28.0
2,44,5,24.0
2,44,6,22.0
2,44,7,20.0
2,44,8,26.0
2,44,9,20.0
2,44,10,22.0
2,44,11,24.0
2,44,12,26.0
2,45,1,11.7
2,45,2,13.0
2,45,3,14.3
2,45,4,18.2
2,45,5,15.6
2,45,6,14.3
2,45,7,13.0
2,45,8,16.9
2,45,9,13.0
2,45,10,14.3
2,45,11,15.6
2,45,12,16.9
2,46,1,7.2
2,46,2,8.0
2,46,3,8.8
2,46,4,11.2
2,46,5,9.6
2,46,6,8.8
2,46,7,8.0
2,46,8,10.4
2,46,9,8.0
2,46,10,8.8
2,46,11,9.6
2,46,12,10.4
2,47,1,4.5
2,47,2,5.0
2,47,3,5.5
2,47,4,7.0
2,47,5,6.0
2,47,6,5.5
2,47,7,5.0
2,47,8,6.5
2,47,9,5.0
2,47,10,5.5
2,47,11,6.0
2,47,12,6.5
2,48,1,7.2
2,48,2,8.0
2,48,3,8.8
2,48,4,11.2
2,48,5,9.6
2,48,6,8.8
2,48,7,8.0
2,48,8,10.4
2,48,9,8.0
2,48,10,8.8
2,48,11,9.6
2,48,12,10.4
2,49,1,4.5
2,49,2,5.0
2,49,3,5.5
2,49,4,7.0
2,49,5,6.0
2,49,6,5.5
2,49,7,5.0
2,49,8,6.5
2,49,9,5.0
2,49,10,5.5
2,49,11,6.0
2,49,12,6.5
2,50,1,16.2
2,50,2,18.0
2,50,3,19.8
2,50,4,25.2
2,50,5,21.6
2,50,6,19.8
2,50,7,18.0
2,50,8,23.4
2,50,9,18.0
2,50,10,19.8
2,50,11,21.6
2,50,12,23.4
2,51,1,18.0
2,51,2,20.0
2,51,3,22.0
2,51,4,28.0
2,51,5,24.0
2,51,6,22.0
2,51,7,20.0
2,51,8,26.0
2,51,9,20.0
2,51,10,22.0
2,51,11,24.0
2,51,12,26.0
2,52,1,21.6
2,52,2,24.0
2,52,3,26.4
2,52,4,33.6
2,52,5,28.8
2,52,6,26.4
2,52,7,24.0
2,52,8,31.2
2,52,9,24.0
2,52,10,26.4
2,52,11,28.8
2,52,12,31.2
2,53,1,10.8
2,53,2,12.0
2,53,3,13.2
2,53,4,16.8
2,53,5,14.4
2,53,6,13.2
2,53,7,12.0
2,53,8,15.6
2,53,9,12.0
2,53,10,13.2
2,53,11,14.4
2,53,12,15.6
2,54,1,9.9
2,54,2,11.0
2,54,3,12.1
2,54,4,15.4
2,54,5,13.2
2,54,6,12.1
2,54,7,11.0
2,54,8,14.3
2,54,9,11.0
2,54,10,12.1
2,54,11,13.2
2,54,12,14.3
2,55,1,6.3
2,55,2,7.0
2,55,3,7.7
2,55,4,9.8
2,55,5,8.4
2,55,6,7.7
2,55,7,7.0
2,55,8,9.1
2,55,9,7.0
2,55,10,7.7
2,55,11,8.4
2,55,12,9.1
2,56,1,18.9
2,56,2,21.0
2,56,3,23.1
2,56,4,29.4
2,56,5,25.2
2,56,6,23.1
2,56,7,21.0
2,56,8,27.3
2,56,9,21.0
2,56,10,23.1
2,56,11,25.2
2,56,12,27.3
2,57,1,4.5
2,57,2,5.0
2,57,3,5.5
2,57,4,7.0
2,57,5,6.0
2,57,6,5.5
2,57,7,5.0
2,57,8,6.5
2,57,9,5.0
2,57,10,5.5
2,57,11,6.0
2,57,12,6.5
2,58,1,18.0
2,58,2,20.0
2,58,3,22.0
2,58,4,28.0
2,58,5,24.0
2,58,6,22.0
2,58,7,20.0
2,58,8,26.0
2,58,9,20.0
2,58,10,22.0
2,58,11,24.0
2,58,12,26.0
2,59,1,14.4
2,59,2,16.0
2,59,3,17.6
2,59,4,22.4
2,59,5,19.2
2,59,6,17.6
2,59,7,16.0
2,59,8,20.8
2,59,9,16.0
2,59,10,17.6
2,59,11,19.2
2,59,12,20.8
2,60,1,20.7
2,60,2,23.0
2,60,3,25.3
2,60,4,32.2
2,60,5,27.6
2,60,6,25.3
2,60,7,23.0
2,60,8,29.9
2,60,9,23.0
2,60,10,25.3
2,60,11,27.6
2,60,12,29.9
2,61,1,16.2
2,61,2,18.0
2,61,3,19.8
2,61,4,25.2
2,61,5,21.6
2,61,6,19.8
2,61,7,18.0
2,61,8,23.4
2,61,9,18.0
2,61,10,19.8
2,61,11,21.6
2,61,12,23.4
2,62,1,9.0
2,62,2,10.0
2,62,3,11.0
2,62,4,14.0
2,62,5,12.0
2,62,6,11.0
2,62,7,10.0
2,62,8,13.0
2,62,9,10.0
2,62,10,11.0
2,62,11,12.0
2,62,12,13.0
2,63,1,9.0
2,63,2,10.0
2,63,3,11.0
2,63,4,14.0
2,63,5,12.0
2,63,6,11.0
2,63,7,10.0
2,63,8,13.0
2,63,9,10.0
2,63,10,11.0
2,63,11,12.0
2,63,12,13.0
2,64,1,15.3
2,64,2,17.0
2,64,3,18.7
2,64,4,23.8
2,64,5,20.4
2,64,6,18.7
2,64,7,17.0
2,64,8,22.1
2,64,9,17.0
2,64,10,18.7
2,64,11,20.4
2,64,12,22.1
2,65,1,20.7
2,65,2,23.0
2,65,3,25.3
2,65,4,32.2
2,65,5,27.6
2,65,6,25.3
2,65,7,23.0
2,65,8,29.9
2,65,9,23.0
2,65,10,25.3
2,65,11,27.6
2,65,12,29.9
2,66,1,10.8
2,66,2,12.0
2,66,3,13.2
2,66,4,16.8
2,66,5,14.4
2,66,6,13.2
2,66,7,12.0
2,66,8,15.6
2,66,9,12.0
2,66,10,13.2
2,66,11,14.4
2,66,12,15.6
2,67,1,5.4
2,67,2,6.0
2,67,3,6.6
2,67,4,8.4
2,67,5,7.2
2,67,6,6.6
2,67,7,6.0
2,67,8,7.8
2,67,9,6.0
2,67,10,6.6
2,67,11,7.2
2,67,12,7.8
2,68,1,4.5
2,68,2,5.0
2,68,3,5.5
2,68,4,7.0
2,68,5,6.0
2,68,6,5.5
2,68,7,5.0
2,68,8,6.5
2,68,9,5.0
2,68,10,5.5
2,68,11,6.0
2,68,12,6.5
2,69,1,17.1
2,69,2,19.0
2,69,3,20.9
2,69,4,26.6
2,69,5,22.8
2,69,6,20.9
2,69,7,19.0
2,69,8,24.7
2,69,9,19.0
2,69,10,20.9
2,69,11,22.8
2,69,12,24.7
2,70,1,4.5
2,70,2,5.0
2,70,3,5.5
2,70,4,7.0
2,70,5,6.0
2,70,6,5.5
2,70,7,5.0
2,70,8,6.5
2,70,9,5.0
2,70,10,5.5
2,70,11,6.0
2,70,12,6.5
2,71,1,8.1
2,71,2,9.0
2,71,3,9.9
2,71,4,12.6
2,71,5,10.8
2,71,6,9.9
2,71,7,9.0
2,71,8,11.7
2,71,9,9.0
2,71,10,9.9
2,71,11,10.8
2,71,12,11.7
2,72,1,18.0
2,72,2,20.0
2,72,3,22.0
2,72,4,28.0
2,72,5,24.0
2,72,6,22.0
2,72,7,20.0
2,72,8,26.0
2,72,9,20.0
2,72,10,22.0
2,72,11,24.0
2,72,12,26.0
2,73,1,20.7
2,73,2,23.0
2,73,3,25.3
2,73,4,32.2
2,73,5,27.6
2,73,6,25.3
2,73,7,23.0
2,73,8,29.9
2,73,9,23.0
2,73,10,25.3
2,73,11,27.6
2,73,12,29.9
2,74,1,7.2
2,74,2,8.0
2,74,3,8.8
2,74,4,11.2
2,74,5,9.6
2,74,6,8.8
2,74,7,8.0
2,74,8,10.4
2,74,9,8.0
2,74,10,8.8
2,74,11,9.6
2,74,12,10.4
2,75,1,6.3
2,75,2,7.0
2,75,3,7.7
2,75,4,9.8
2,75,5,8.4
2,75,6,7.7
2,75,7,7.0
2,75,8,9.1
2,75,9,7.0
2,75,10,7.7
2,75,11,8.4
2,75,12,9.1
2,76,1,18.9
2,76,2,21.0
2,76,3,23.1
2,76,4,29.4
2,76,5,25.2
2,76,6,23.1
2,76,7,21.0
2,76,8,27.3
2,76,9,21.0
2,76,10,23.1
2,76,11,25.2
2,76,12,27.3
2,77,1,18.9
2,77,2,21.0
2,77,3,23.1
2,77,4,29.4
2,77,5,25.2
2,77,6,23.1
2,77,7,21.0
2,77,8,27.3
2,77,9,21.0
2,77,10,23.1
2,77,11,25.2
2,77,12,27.3
2,78,1,14.4
2,78,2,16.0
2,78,3,17.6
2,78,4,22.4
2,78,5,19.2
2,78,6,17.6
2,78,7,16.0
2,78,8,20.8
2,78,9,16.0
2,78,10,17.6
2,78,11,19.2
2,78,12,20.8
2,79,1,16.2
2,79,2,18.0
2,79,3,19.8
2,79,4,25.2
2,79,5,21.6
2,79,6,19.8
2,79,7,18.0
2,79,8,23.4
2,79,9,18.0
2,79,10,19.8
2,79,11,21.6
2,79,12,23.4
2,80,1,9.0
2,80,2,10.0
2,80,3,11.0
2,80,4,14.0
2,80,5,12.0
2,80,6,11.0
2,80,7,10.0
2,80,8,13.0
2,80,9,10.0
2,80,10,11.0
2,80,11,12.0
2,80,12,13.0
2,81,1,6.3
2,81,2,7.0
2,81,3,7.7
2,81,4,9.8
2,81,5,8.4
2,81,6,7.7
2,81,7,7.0
2,81,8,9.1
2,81,9,7.0
2,81,10,7.7
2,81,11,8.4
2,81,12,9.1
2,82,1,11.7
2,82,2,13.0
2,82,3,14.3
2,82,4,18.2
2,82,5,15.6
2,82,6,14.3
2,82,7,13.0
2,82,8,16.9
2,82,9,13.0
2,82,10,14.3
2,82,11,15.6
2,82,12,16.9
2,83,1,8.1
2,83,2,9.0
2,83,3,9.9
2,83,4,12.6
2,83,5,10.8
2,83,6,9.9
2,83,7,9.0
2,83,8,11.7
2,83,9,9.0
2,83,10,9.9
2,83,11,10.8
2,83,12,11.7
2,84,1,18.9
2,84,2,21.0
2,84,3,23.1
2,84,4,29.4
2,84,5,25.2
2,84,6,23.1
2,84,7,21.0
2,84,8,27.3
2,84,9,21.0
2,84,10,23.1
2,84,11,25.2
2,84,12,27.3
2,85,1,16.2
2,85,2,18.0
2,85,3,19.8
2,85,4,25.2
2,85,5,21.6
2,85,6,19.8
2,85,7,18.0
2,85,8,23.4
2,85,9,18.0
2,85,10,19.8
2,85,11,21.6
2,85,12,23.4
2,86,1,6.3
2,86,2,7.0
2,86,3,7.7
2,86,4,9.8
2,86,5,8.4
2,86,6,7.7
2,86,7,7.0
2,86,8,9.1
2,86,9,7.0
2,86,10,7.7
2,86,11,8.4
2,86,12,9.1
2,87,1,4.5
2,87,2,5.0
2,87,3,5.5
2,87,4,7.0
2,87,5,6.0
2,87,6,5.5
2,87,7,5.0
2,87,8,6.5
2,87,9,5.0
2,87,10,5.5
2,87,11,6.0
2,87,12,6.5
2,88,1,21.6
2,88,2,24.0
2,88,3,26.4
2,88,4,33.6
2,88,5,28.8
2,88,6,26.4
2,88,7,24.0
2,88,8,31.2
2,88,9,24.0
2,88,10,26.4
2,88,11,28.8
2,88,12,31.2
2,89,1,4.5
2,89,2,5.0
2,89,3,5.5
2,89,4,7.0
2,89,5,6.0
2,89,6,5.5
2,89,7,5.0
2,89,8,6.5
2,89,9,5.0
2,89,10,5.5
2,89,11,6.0
2,89,12,6.5
2,90,1,6.3
2,90,2,7.0
2,90,3,7.7
2,90,4,9.8
2,90,5,8.4
2,90,6,7.7
2,90,7,7.0
2,90,8,9.1
2,90,9,7.0
2,90,10,7.7
2,90,11,8.4
2,90,12,9.1
2,91,1,19.8
2,91,2,22.0
2,91,3,24.2
2,91,4,30.8
2,91,5,26.4
2,91,6,24.2
2,91,7,22.0
2,91,8,28.6
2,91,9,22.0
2,91,10,24.2
2,91,11,26.4
2,91,12,28.6
2,92,1,12.6
2,92,2,14.0
2,92,3,15.4
2,92,4,19.6
2,92,5,16.8
2,92,6,15.4
2,92,7,14.0
2,92,8,18.2
2,92,9,14.0
2,92,10,15.4
2,92,11,16.8
2,92,12,18.2
2,93,1,6.3
2,93,2,7.0
2,93,3,7.7
2,93,4,9.8
2,93,5,8.4
2,93,6,7.7
2,93,7,7.0
2,93,8,9.1
2,93,9,7.0
2,93,10,7.7
2,93,11,8.4
2,93,12,9.1
2,94,1,10.8
2,94,2,12.0
2,94,3,13.2
2,94,4,16.8
2,94,5,14.4
2,94,6,13.2
2,94,7,12.0
2,94,8,15.6
2,94,9,12.0
2,94,10,13.2
2,94,11,14.4
2,94,12,15.6
2,95,1,16.2
2,95,2,18.0
2,95,3,19.8
2,95,4,25.2
2,95,5,21.6
2,95,6,19.8
2,95,7,18.0
2,95,8,23.4
2,95,9,18.0
2,95,10,19.8
2,95,11,21.6
2,95,12,23.4
2,96,1,19.8
2,96,2,22.0
2,96,3,24.2
2,96,4,30.8
2,96,5,26.4
2,96,6,24.2
2,96,7,22.0
2,96,8,28.6
2,96,9,22.0
2,96,10,24.2
2,96,11,26.4
2,96,12,28.6
2,97,1,17.1
2,97,2,19.0
2,97,3,20.9
2,97,4,26.6
2,97,5,22.8
2,97,6,20.9
2,97,7,19.0
2,97,8,24.7
2,97,9,19.0
2,97,10,20.9
2,97,11,22.8
2,97,12,24.7
2,98,1,5.4
2,98,2,6.0
2,98,3,6.6
2,98,4,8.4
2,98,5,7.2
2,98,6,6.6
2,98,7,6.0
2,98,8,7.8
2,98,9,6.0
2,98,10,6.6
2,98,11,7.2
2,98,12,7.8
2,99,1,12.6
2,99,2,14.0
2,99,3,15.4
2,99,4,19.6
2,99,5,16.8
2,99,6,15.4
2,99,7,14.0
2,99,8,18.2
2,99,9,14.0
2,99,10,15.4
2,99,11,16.8
2,99,12,18.2
2,100,1,5.4
2,100,2,6.0
2,100,3,6.6
2,100,4,8.4
2,100,5,7.2
2,100,6,6.6
2,100,7,6.0
2,100,8,7.8
2,100,9,6.0
2,100,10,6.6
2,100,11,7.2
2,100,12,7.8
2,101,1,18.9
2,101,2,21.0
2,101,3,23.1
2,101,4,29.4
2,101,5,25.2
2,101,6,23.1
2,101,7,21.0
2,101,8,27.3
2,101,9,21.0
2,101,10,23.1
2,101,11,25.2
2,101,12,27.3
2,102,1,10.8
2,102,2,12.0
2,102,3,13.2
2,102,4,16.8
2,102,5,14.4
2,102,6,13.2
2,102,7,12.0
2,102,8,15.6
2,102,9,12.0
2,102,10,13.2
2,102,11,14.4
2,102,12,15.6
2,103,1,4.5
2,103,2,5.0
2,103,3,5.5
2,103,4,7.0
2,103,5,6.0
2,103,6,5.5
2,103,7,5.0
2,103,8,6.5
2,103,9,5.0
2,103,10,5.5
2,103,11,6.0
2,103,12,6.5
2,104,1,11.7
2,104,2,13.0
2,104,3,14.3
2,104,4,18.2
2,104,5,15.6
2,104,6,14.3
2,104,7,13.0
2,104,8,16.9
2,104,9,13.0
2,104,10,14.3
2,104,11,15.6
2,104,12,16.9
2,105,1,13.5
2,105,2,15.0
2,105,3,16.5
2,105,4,21.0
2,105,5,18.0
2,105,6,16.5
2,105,7,15.0
2,105,8,19.5
2,105,9,15.0
2,105,10,16.5
2,105,11,18.0
2,105,12,19.5
2,106,1,18.0
2,106,2,20.0
2,106,3,22.0
2,106,4,28.0
2,106,5,24.0
2,106,6,22.0
2,106,7,20.0
2,106,8,26.0
2,106,9,20.0
2,106,10,22.0
2,106,11,24.0
2,106,12,26.0
2,107,1,9.9
2,107,2,11.0
2,107,3,12.1
2,107,4,15.4
2,107,5,13.2
2,107,6,12.1
2,107,7,11.0
2,107,8,14.3
2,107,9,11.0
2,107,10,12.1
2,107,11,13.2
2,107,12,14.3
2,108,1,12.6
2,108,2,14.0
2,108,3,15.4
2,108,4,19.6
2,108,5,16.8
2,108,6,15.4
2,108,7,14.0
2,108,8,18.2
2,108,9,14.0
2,108,10,15.4
2,108,11,16.8
2,108,12,18.2
2,109,1,6.3
2,109,2,7.0
2,109,3,7.7
2,109,4,9.8
2,109,5,8.4
2,109,6,7.7
2,109,7,7.0
2,109,8,9.1
2,109,9,7.0
2,109,10,7.7
2,109,11,8.4
2,109,12,9.1
2,110,1,19.8
2,110,2,22.0
2,110,3,24.2
2,110,4,30.8
2,110,5,26.4
2,110,6,24.2
2,110,7,22.0
2,110,8,28.6
2,110,9,22.0
2,110,10,24.2
2,110,11,26.4
2,110,12,28.6
2,111,1,15.3
2,111,2,17.0
2,111,3,18.7
2,111,4,23.8
2,111,5,20.4
2,111,6,18.7
2,111,7,17.0
2,111,8,22.1
2,111,9,17.0
2,111,10,18.7
2,111,11,20.4
2,111,12,22.1
2,112,1,9.9
2,112,2,11.0
2,112,3,12.1
2,112,4,15.4
2,112,5,13.2
2,112,6,12.1
2,112,7,11.0
2,112,8,14.3
2,112,9,11.0
2,112,10,12.1
2,112,11,13.2
2,112,12,14.3
2,113,1,7.2
2,113,2,8.0
2,113,3,8.8
2,113,4,11.2
2,113,5,9.6
2,113,6,8.8
2,113,7,8.0
2,113,8,10.4
2,113,9,8.0
2,113,10,8.8
2,113,11,9.6
2,113,12,10.4
2,114,1,15.3
2,114,2,17.0
2,114,3,18.7
2,114,4,23.8
2,114,5,20.4
2,114,6,18.7
2,114,7,17.0
2,114,8,22.1
2,114,9,17.0
2,114,10,18.7
2,114,11,20.4
2,114,12,22.1
2,115,1,21.6
2,115,2,24.0
2,115,3,26.4
2,115,4,33.6
2,115,5,28.8
2,115,6,26.4
2,115,7,24.0
2,115,8,31.2
2,115,9,24.0
2,115,10,26.4
2,115,11,28.8
2,115,12,31.2
2,116,1,4.5
2,116,2,5.0
2,116,3,5.5
2,116,4,7.0
2,116,5,6.0
2,116,6,5.5
2,116,7,5.0
2,116,8,6.5
2,116,9,5.0
2,116,10,5.5
2,116,11,6.0
2,116,12,6.5
2,117,1,10.8
2,117,2,12.0
2,117,3,13.2
2,117,4,16.8
2,117,5,14.4
2,117,6,13.2
2,117,7,12.0
2,117,8,15.6
2,117,9,12.0
2,117,10,13.2
2,117,11,14.4
2,117,12,15.6
2,118,1,16.2
2,118,2,18.0
2,118,3,19.8
2,118,4,25.2
2,118,5,21.6
2,118,6,19.8
2,118,7,18.0
2,118,8,23.4
2,118,9,18.0
2,118,10,19.8
2,118,11,21.6
2,118,12,23.4
2,119,1,18.0
2,119,2,20.0
2,119,3,22.0
2,119,4,28.0
2,119,5,24.0
2,119,6,22.0
2,119,7,20.0
2,119,8,26.0
2,119,9,20.0
2,119,10,22.0
2,119,11,24.0
2,119,12,26.0
2,120,1,16.2
2,120,2,18.0
2,120,3,19.8
2,120,4,25.2
2,120,5,21.6
2,120,6,19.8
2,120,7,18.0
2,120,8,23.4
2,120,9,18.0
2,120,10,19.8
2,120,11,21.6
2,120,12,23.4
2,121,1,14.4
2,121,2,16.0
2,121,3,17.6
2,121,4,22.4
2,121,5,19.2
2,121,6,17.6
2,121,7,16.0
2,121,8,20.8
2,121,9,16.0
2,121,10,17.6
2,121,11,19.2
2,121,12,20.8
2,122,1,20.7
2,122,2,23.0
2,122,3,25.3
2,122,4,32.2
2,122,5,27.6
2,122,6,25.3
2,122,7,23.0
2,122,8,29.9
2,122,9,23.0
2,122,10,25.3
2,122,11,27.6
2,122,12,29.9
2,123,1,17.1
2,123,2,19.0
2,123,3,20.9
2,123,4,26.6
2,123,5,22.8
2,123,6,20.9
2,123,7,19.0
2,123,8,24.7
2,123,9,19.0
2,123,10,20.9
2,123,11,22.8
2,123,12,24.7
2,124,1,5.4
2,124,2,6.0
2,124,3,6.6
2,124,4,8.4
2,124,5,7.2
2,124,6,6.6
2,124,7,6.0
2,124,8,7.8
2,124,9,6.0
2,124,10,6.6
2,124,11,7.2
2,124,12,7.8
2,125,1,5.4
2,125,2,6.0
2,125,3,6.6
2,125,4,8.4
2,125,5,7.2
2,125,6,6.6
2,125,7,6.0
2,125,8,7.8
2,125,9,6.0
2,125,10,6.6
2,125,11,7.2
2,125,12,7.8
2,126,1,20.7
2,126,2,23.0
2,126,3,25.3
2,126,4,32.2
2,126,5,27.6
2,126,6,25.3
2,126,7,23.0
2,126,8,29.9
2,126,9,23.0
2,126,10,25.3
2,126,11,27.6
2,126,12,29.9
2,127,1,18.9
2,127,2,21.0
2,127,3,23.1
2,127,4,29.4
2,127,5,25.2
2,127,6,23.1
2,127,7,21.0
2,127,8,27.3
2,127,9,21.0
2,127,10,23.1
2,127,11,25.2
2,127,12,27.3
2,128,1,21.6
2,128,2,24.0
2,128,3,26.4
2,128,4,33.6
2,128,5,28.8
2,128,6,26.4
2,128,7,24.0
2,128,8,31.2
2,128,9,24.0
2,128,10,26.4
2,128,11,28.8
2,128,12,31.2
2,129,1,12.6
2,129,2,14.0
2,129,3,15.4
2,129,4,19.6
2,129,5,16.8
2,129,6,15.4
2,129,7,14.0
2,129,8,18.2
2,129,9,14.0
2,129,10,15.4
2,129,11,16.8
2,129,12,18.2
2,130,1,9.0
2,130,2,10.0
2,130,3,11.0
2,130,4,14.0
2,130,5,12.0
2,130,6,11.0
2,130,7,10.0
2,130,8,13.0
2,130,9,10.0
2,130,10,11.0
2,130,11,12.0
2,130,12,13.0
2,131,1,17.1
2,131,2,19.0
2,131,3,20.9
2,131,4,26.6
2,131,5,22.8
2,131,6,20.9
2,131,7,19.0
2,131,8,24.7
2,131,9,19.0
2,131,10,20.9
2,131,11,22.8
2,131,12,24.7
2,132,1,13.5
2,132,2,15.0
2,132,3,16.5
2,132,4,21.0
2,132,5,18.0
2,132,6,16.5
2,132,7,15.0
2,132,8,19.5
2,132,9,15.0
2,132,10,16.5
2,132,11,18.0
2,132,12,19.5
2,133,1,8.1
2,133,2,9.0
2,133,3,9.9
2,133,4,12.6
2,133,5,10.8
2,133,6,9.9
2,133,7,9.0
2,133,8,11.7
2,133,9,9.0
2,133,10,9.9
2,133,11,10.8
2,133,12,11.7
2,134,1,4.5
2,134,2,5.0
2,134,3,5.5
2,134,4,7.0
2,134,5,6.0
2,134,6,5.5
2,134,7,5.0
2,134,8,6.5
2,134,9,5.0
2,134,10,5.5
2,134,11,6.0
2,134,12,6.5
2,135,1,10.8
2,135,2,12.0
2,135,3,13.2
2,135,4,16.8
2,135,5,14.4
2,135,6,13.2
2,135,7,12.0
2,135,8,15.6
2,135,9,12.0
2,135,10,13.2
2,135,11,14.4
2,135,12,15.6
2,136,1,14.4
2,136,2,16.0
2,136,3,17.6
2,136,4,22.4
2,136,5,19.2
2,136,6,17.6
2,136,7,16.0
2,136,8,20.8
2,136,9,16.0
2,136,10,17.6
2,136,11,19.2
2,136,12,20.8
2,137,1,14.4
2,137,2,16.0
2,137,3,17.6
2,137,4,22.4
2,137,5,19.2
2,137,6,17.6
2,137,7,16.0
2,137,8,20.8
2,137,9,16.0
2,137,10,17.6
2,137,11,19.2
2,137,12,20.8
2,138,1,8.1
2,138,2,9.0
2,138,3,9.9
2,138,4,12.6
2,138,5,10.8
2,138,6,9.9
2,138,7,9.0
2,138,8,11.7
2,138,9,9.0
2,138,10,9.9
2,138,11,10.8
2,138,12,11.7
2,139,1,9.9
2,139,2,11.0
2,139,3,12.1
2,139,4,15.4
2,139,5,13.2
2,139,6,12.1
2,139,7,11.0
2,139,8,14.3
2,139,9,11.0
2,139,10,12.1
2,139,11,13.2
2,139,12,14.3
2,140,1,7.2
2,140,2,8.0
2,140,3,8.8
2,140,4,11.2
2,140,5,9.6
2,140,6,8.8
2,140,7,8.0
2,140,8,10.4
2,140,9,8.0
2,140,10,8.8
2,140,11,9.6
2,140,12,10.4
2,141,1,9.0
2,141,2,10.0
2,141,3,11.0
2,141,4,14.0
2,141,5,12.0
2,141,6,11.0
2,141,7,10.0
2,141,8,13.0
2,141,9,10.0
2,141,10,11.0
2,141,11,12.0
2,141,12,13.0
2,142,1,15.3
2,142,2,17.0
2,142,3,18.7
2,142,4,23.8
2,142,5,20.4
2,142,6,18.7
2,142,7,17.0
2,142,8,22.1
2,142,9,17.0
2,142,10,18.7
2,142,11,20.4
2,142,12,22.1
2,143,1,21.6
2,143,2,24.0
2,143,3,26.4
2,143,4,33.6
2,143,5,28.8
2,143,6,26.4
2,143,7,24.0
2,143,8,31.2
2,143,9,24.0
2,143,10,26.4
2,143,11,28.8
2,143,12,31.2
2,144,1,17.1
2,144,2,19.0
2,144,3,20.9
2,144,4,26.6
2,144,5,22.8
2,144,6,20.9
2,144,7,19.0
2,144,8,24.7
2,144,9,19.0
2,144,10,20.9
2,144,11,22.8
2,144,12,24.7
2,145,1,6.3
2,145,2,7.0
2,145,3,7.7
2,145,4,9.8
2,145,5,8.4
2,145,6,7.7
2,145,7,7.0
2,145,8,9.1
2,145,9,7.0
2,145,10,7.7
2,145,11,8.4
2,145,12,9.1
2,146,1,10.8
2,146,2,12.0
2,146,3,13.2
2,146,4,16.8
2,146,5,14.4
2,146,6,13.2
2,146,7,12.0
2,146,8,15.6
2,146,9,12.0
2,146,10,13.2
2,146,11,14.4
2,146,12,15.6
2,147,1,21.6
2,147,2,24.0
2,147,3,26.4
2,147,4,33.6
2,147,5,28.8
2,147,6,26.4
2,147,7,24.0
2,147,8,31.2
2,147,9,24.0
2,147,10,26.4
2,147,11,28.8
2,147,12,31.2
2,148,1,18.0
2,148,2,20.0
2,148,3,22.0
2,148,4,28.0
2,148,5,24.0
2,148,6,22.0
2,148,7,20.0
2,148,8,26.0
2,148,9,20.0
2,148,10,22.0
2,148,11,24.0
2,148,12,26.0
2,149,1,15.3
2,149,2,17.0
2,149,3,18.7
2,149,4,23.8
2,149,5,20.4
2,149,6,18.7
2,149,7,17.0
2,149,8,22.1
2,149,9,17.0
2,149,10,18.7
2,149,11,20.4
2,149,12,22.1
2,150,1,19.8
2,150,2,22.0
2,150,3,24.2
2,150,4,30.8
2,150,5,26.4
2,150,6,24.2
2,150,7,22.0
2,150,8,28.6
2,150,9,22.0
2,150,10,24.2
2,150,11,26.4
2,150,12,28.6
2,151,1,12.6
2,151,2,14.0
2,151,3,15.4
2,151,4,19.6
2,151,5,16.8
2,151,6,15.4
2,151,7,14.0
2,151,8,18.2
2,151,9,14.0
2,151,10,15.4
2,151,11,16.8
2,151,12,18.2
2,152,1,20.7
2,152,2,23.0
2,152,3,25.3
2,152,4,32.2
2,152,5,27.6
2,152,6,25.3
2,152,7,23.0
2,152,8,29.9
2,152,9,23.0
2,152,10,25.3
2,152,11,27.6
2,152,12,29.9
2,153,1,18.9
2,153,2,21.0
2,153,3,23.1
2,153,4,29.4
2,153,5,25.2
2,153,6,23.1
2,153,7,21.0
2,153,8,27.3
2,153,9,21.0
2,153,10,23.1
2,153,11,25.2
2,153,12,27.3
2,154,1,20.7
2,154,2,23.0
2,154,3,25.3
2,154,4,32.2
2,154,5,27.6
2,154,6,25.3
2,154,7,23.0
2,154,8,29.9
2,154,9,23.0
2,154,10,25.3
2,154,11,27.6
2,154,12,29.9
2,155,1,8.1
2,155,2,9.0
2,155,3,9.9
2,155,4,12.6
2,155,5,10.8
2,155,6,9.9
2,155,7,9.0
2,155,8,11.7
2,155,9,9.0
2,155,10,9.9
2,155,11,10.8
2,155,12,11.7
2,156,1,11.7
2,156,2,13.0
2,156,3,14.3
2,156,4,18.2
2,156,5,15.6
2,156,6,14.3
2,156,7,13.0
2,156,8,16.9
2,156,9,13.0
2,156,10,14.3
2,156,11,15.6
2,156,12,16.9
2,157,1,14.4
2,157,2,16.0
2,157,3,17.6
2,157,4,22.4
2,157,5,19.2
2,157,6,17.6
2,157,7,16.0
2,157,8,20.8
2,157,9,16.0
2,157,10,17.6
2,157,11,19.2
2,157,12,20.8
2,158,1,4.5
2,158,2,5.0
2,158,3,5.5
2,158,4,7.0
2,158,5,6.0
2,158,6,5.5
2,158,7,5.0
2,158,8,6.5
2,158,9,5.0
2,158,10,5.5
2,158,11,6.0
2,158,12,6.5
2,159,1,4.5
2,159,2,5.0
2,159,3,5.5
2,159,4,7.0
2,159,5,6.0
2,159,6,5.5
2,159,7,5.0
2,159,8,6.5
2,159,9,5.0
2,159,10,5.5
2,159,11,6.0
2,159,12,6.5
2,160,1,17.1
2,160,2,19.0
2,160,3,20.9
2,160,4,26.6
2,160,5,22.8
2,160,6,20.9
2,160,7,19.0
2,160,8,24.7
2,160,9,19.0
2,160,10,20.9
2,160,11,22.8
2,160,12,24.7
2,161,1,5.4
2,161,2,6.0
2,161,3,6.6
2,161,4,8.4
2,161,5,7.2
2,161,6,6.6
2,161,7,6.0
2,161,8,7.8
2,161,9,6.0
2,161,10,6.6
2,161,11,7.2
2,161,12,7.8
2,162,1,18.0
2,162,2,20.0
2,162,3,22.0
2,162,4,28.0
2,162,5,24.0
2,162,6,22.0
2,162,7,20.0
2,162,8,26.0
2,162,9,20.0
2,162,10,22.0
2,162,11,24.0
2,162,12,26.0
2,163,1,10.8
2,163,2,12.0
2,163,3,13.2
2,163,4,16.8
2,163,5,14.4
2,163,6,13.2
2,163,7,12.0
2,163,8,15.6
2,163,9,12.0
2,163,10,13.2
2,163,11,14.4
2,163,12,15.6
2,164,1,15.3
2,164,2,17.0
2,164,3,18.7
2,164,4,23.8
2,164,5,20.4
2,164,6,18.7
2,164,7,17.0
2,164,8,22.1
2,164,9,17.0
2,164,10,18.7
2,164,11,20.4
2,164,12,22.1
2,165,1,4.5
2,165,2,5.0
2,165,3,5.5
2,165,4,7.0
2,165,5,6.0
2,165,6,5.5
2,165,7,5.0
2,165,8,6.5
2,165,9,5.0
2,165,10,5.5
2,165,11,6.0
2,165,12,6.5
2,166,1,18.0
2,166,2,20.0
2,166,3,22.0
2,166,4,28.0
2,166,5,24.0
2,166,6,22.0
2,166,7,20.0
2,166,8,26.0
2,166,9,20.0
2,166,10,22.0
2,166,11,24.0
2,166,12,26.0
2,167,1,9.9
2,167,2,11.0
2,167,3,12.1
2,167,4,15.4
2,167,5,13.2
2,167,6,12.1
2,167,7,11.0
2,167,8,14.3
2,167,9,11.0
2,167,10,12.1
2,167,11,13.2
2,167,12,14.3
2,168,1,8.1
2,168,2,9.0
2,168,3,9.9
2,168,4,12.6
2,168,5,10.8
2,168,6,9.9
2,168,7,9.0
2,168,8,11.7
2,168,9,9.0
2,168,10,9.9
2,168,11,10.8
2,168,12,11.7
2,169,1,6.3
2,169,2,7.0
2,169,3,7.7
2,169,4,9.8
2,169,5,8.4
2,169,6,7.7
2,169,7,7.0
2,169,8,9.1
2,169,9,7.0
2,169,10,7.7
2,169,11,8.4
2,169,12,9.1
2,170,1,14.4
2,170,2,16.0
2,170,3,17.6
2,170,4,22.4
2,170,5,19.2
2,170,6,17.6
2,170,7,16.0
2,170,8,20.8
2,170,9,16.0
2,170,10,17.6
2,170,11,19.2
2,170,12,20.8
2,171,1,18.0
2,171,2,20.0
2,171,3,22.0
2,171,4,28.0
2,171,5,24.0
2,171,6,22.0
2,171,7,20.0
2,171,8,26.0
2,171,9,20.0
2,171,10,22.0
2,171,11,24.0
2,171,12,26.0
2,172,1,20.7
2,172,2,23.0
2,172,3,25.3
2,172,4,32.2
2,172,5,27.6
2,172,6,25.3
2,172,7,23.0
2,172,8,29.9
2,172,9,23.0
2,172,10,25.3
2,172,11,27.6
2,172,12,29.9
2,173,1,8.1
2,173,2,9.0
2,173,3,9.9
2,173,4,12.6
2,173,5,10.8
2,173,6,9.9
2,173,7,9.0
2,173,8,11.7
2,173,9,9.0
2,173,10,9.9
2,173,11,10.8
2,173,12,11.7
2,174,1,16.2
2,174,2,18.0
2,174,3,19.8
2,174,4,25.2
2,174,5,21.6
2,174,6,19.8
2,174,7,18.0
2,174,8,23.4
2,174,9,18.0
2,174,10,19.8
2,174,11,21.6
2,174,12,23.4
2,175,1,8.1
2,175,2,9.0
2,175,3,9.9
2,175,4,12.6
2,175,5,10.8
2,175,6,9.9
2,175,7,9.0
2,175,8,11.7
2,175,9,9.0
2,175,10,9.9
2,175,11,10.8
2,175,12,11.7
2,176,1,17.1
2,176,2,19.0
2,176,3,20.9
2,176,4,26.6
2,176,5,22.8
2,176,6,20.9
2,176,7,19.0
2,176,8,24.7
2,176,9,19.0
2,176,10,20.9
2,176,11,22.8
2,176,12,24.7
2,177,1,18.9
2,177,2,21.0
2,177,3,23.1
2,177,4,29.4
2,177,5,25.2
2,177,6,23.1
2,177,7,21.0
2,177,8,27.3
2,177,9,21.0
2,177,10,23.1
2,177,11,25.2
2,177,12,27.3
2,178,1,16.2
2,178,2,18.0
2,178,3,19.8
2,178,4,25.2
2,178,5,21.6
2,178,6,19.8
2,178,7,18.0
2,178,8,23.4
2,178,9,18.0
2,178,10,19.8
2,178,11,21.6
2,178,12,23.4
2,179,1,21.6
2,179,2,24.0
2,179,3,26.4
2,179,4,33.6
2,179,5,28.8
2,179,6,26.4
2,179,7,24.0
2,179,8,31.2
2,179,9,24.0
2,179,10,26.4
2,179,11,28.8
2,179,12,31.2
2,180,1,8.1
2,180,2,9.0
2,180,3,9.9
2,180,4,12.6
2,180,5,10.8
2,180,6,9.9
2,180,7,9.0
2,180,8,11.7
2,180,9,9.0
2,180,10,9.9
2,180,11,10.8
2,180,12,11.7
2,181,1,14.4
2,181,2,16.0
2,181,3,17.6
2,181,4,22.4
2,181,5,19.2
2,181,6,17.6
2,181,7,16.0
2,181,8,20.8
2,181,9,16.0
2,181,10,17.6
2,181,11,19.2
2,181,12,20.8
2,182,1,18.0
2,182,2,20.0
2,182,3,22.0
2,182,4,28.0
2,182,5,24.0
2,182,6,22.0
2,182,7,20.0
2,182,8,26.0
2,182,9,20.0
2,182,10,22.0
2,182,11,24.0
2,182,12,26.0
2,183,1,18.0
2,183,2,20.0
2,183,3,22.0
2,183,4,28.0
2,183,5,24.0
2,183,6,22.0
2,183,7,20.0
2,183,8,26.0
2,183,9,20.0
2,183,10,22.0
2,183,11,24.0
2,183,12,26.0
2,184,1,9.9
2,184,2,11.0
2,184,3,12.1
2,184,4,15.4
2,184,5,13.2
2,184,6,12.1
2,184,7,11.0
2,184,8,14.3
2,184,9,11.0
2,184,10,12.1
2,184,11,13.2
2,184,12,14.3
2,185,1,7.2
2,185,2,8.0
2,185,3,8.8
2,185,4,11.2
2,185,5,9.6
2,185,6,8.8
2,185,7,8.0
2,185,8,10.4
2,185,9,8.0
2,185,10,8.8
2,185,11,9.6
2,185,12,10.4
2,186,1,4.5
2,186,2,5.0
2,186,3,5.5
2,186,4,7.0
2,186,5,6.0
2,186,6,5.5
2,186,7,5.0
2,186,8,6.5
2,186,9,5.0
2,186,10,5.5
2,186,11,6.0
2,186,12,6.5
2,187,1,8.1
2,187,2,9.0
2,187,3,9.9
2,187,4,12.6
2,187,5,10.8
2,187,6,9.9
2,187,7,9.0
2,187,8,11.7
2,187,9,9.0
2,187,10,9.9
2,187,11,10.8
2,187,12,11.7
2,188,1,12.6
2,188,2,14.0
2,188,3,15.4
2,188,4,19.6
2,188,5,16.8
2,188,6,15.4
2,188,7,14.0
2,188,8,18.2
2,188,9,14.0
2,188,10,15.4
2,188,11,16.8
2,188,12,18.2
2,189,1,8.1
2,189,2,9.0
2,189,3,9.9
2,189,4,12.6
2,189,5,10.8
2,189,6,9.9
2,189,7,9.0
2,189,8,11.7
2,189,9,9.0
2,189,10,9.9
2,189,11,10.8
2,189,12,11.7
2,190,1,7.2
2,190,2,8.0
2,190,3,8.8
2,190,4,11.2
2,190,5,9.6
2,190,6,8.8
2,190,7,8.0
2,190,8,10.4
2,190,9,8.0
2,190,10,8.8
2,190,11,9.6
2,190,12,10.4
2,191,1,5.4
2,191,2,6.0
2,191,3,6.6
2,191,4,8.4
2,191,5,7.2
2,191,6,6.6
2,191,7,6.0
2,191,8,7.8
2,191,9,6.0
2,191,10,6.6
2,191,11,7.2
2,191,12,7.8
2,192,1,21.6
2,192,2,24.0
2,192,3,26.4
2,192,4,33.6
2,192,5,28.8
2,192,6,26.4
2,192,7,24.0
2,192,8,31.2
2,192,9,24.0
2,192,10,26.4
2,192,11,28.8
2,192,12,31.2
2,193,1,12.6
2,193,2,14.0
2,193,3,15.4
2,193,4,19.6
2,193,5,16.8
2,193,6,15.4
2,193,7,14.0
2,193,8,18.2
2,193,9,14.0
2,193,10,15.4
2,193,11,16.8
2,193,12,18.2
2,194,1,20.7
2,194,2,23.0
2,194,3,25.3
2,194,4,32.2
2,194,5,27.6
2,194,6,25.3
2,194,7,23.0
2,194,8,29.9
2,194,9,23.0
2,194,10,25.3
2,194,11,27.6
2,194,12,29.9
2,195,1,4.5
2,195,2,5.0
2,195,3,5.5
2,195,4,7.0
2,195,5,6.0
2,195,6,5.5
2,195,7,5.0
2,195,8,6.5
2,195,9,5.0
2,195,10,5.5
2,195,11,6.0
2,195,12,6.5
2,196,1,8.1
2,196,2,9.0
2,196,3,9.9
2,196,4,12.6
2,196,5,10.8
2,196,6,9.9
2,196,7,9.0
2,196,8,11.7
2,196,9,9.0
2,196,10,9.9
2,196,11,10.8
2,196,12,11.7
2,197,1,15.3
2,197,2,17.0
2,197,3,18.7
2,197,4,23.8
2,197,5,20.4
2,197,6,18.7
2,197,7,17.0
2,197,8,22.1
2,197,9,17.0
2,197,10,18.7
2,197,11,20.4
2,197,12,22.1
2,198,1,7.2
2,198,2,8.0
2,198,3,8.8
2,198,4,11.2
2,198,5,9.6
2,198,6,8.8
2,198,7,8.0
2,198,8,10.4
2,198,9,8.0
2,198,10,8.8
2,198,11,9.6
2,198,12,10.4
2,199,1,18.0
2,199,2,20.0
2,199,3,22.0
2,199,4,28.0
2,199,5,24.0
2,199,6,22.0
2,199,7,20.0
2,199,8,26.0
2,199,9,20.0
2,199,10,22.0
2,199,11,24.0
2,199,12,26.0
2,200,1,18.0
2,200,2,20.0
2,200,3,22.0
2,200,4,28.0
2,200,5,24.0
2,200,6,22.0
2,200,7,20.0
2,200,8,26.0
2,200,9,20.0
2,200,10,22.0
2,200,11,24.0
2,200,12,26.0
2,201,1,5.4
2,201,2,6.0
2,201,3,6.6
2,201,4,8.4
2,201,5,7.2
2,201,6,6.6
2,201,7,6.0
2,201,8,7.8
2,201,9,6.0
2,201,10,6.6
2,201,11,7.2
2,201,12,7.8
2,202,1,18.9
2,202,2,21.0
2,202,3,23.1
2,202,4,29.4
2,202,5,25.2
2,202,6,23.1
2,202,7,21.0
2,202,8,27.3
2,202,9,21.0
2,202,10,23.1
2,202,11,25.2
2,202,12,27.3
2,203,1,21.6
2,203,2,24.0
2,203,3,26.4
2,203,4,33.6
2,203,5,28.8
2,203,6,26.4
2,203,7,24.0
2,203,8,31.2
2,203,9,24.0
2,203,10,26.4
2,203,11,28.8
2,203,12,31.2
2,204,1,14.4
2,204,2,16.0
2,204,3,17.6
2,204,4,22.4
2,204,5,19.2
2,204,6,17.6
2,204,7,16.0
2,204,8,20.8
2,204,9,16.0
2,204,10,17.6
2,204,11,19.2
2,204,12,20.8
2,205,1,19.8
2,205,2,22.0
2,205,3,24.2
2,205,4,30.8
2,205,5,26.4
2,205,6,24.2
2,205,7,22.0
2,205,8,28.6
2,205,9,22.0
2,205,10,24.2
2,205,11,26.4
2,205,12,28.6
2,206,1,6.3
2,206,2,7.0
2,206,3,7.7
2,206,4,9.8
2,206,5,8.4
2,206,6,7.7
2,206,7,7.0
2,206,8,9.1
2,206,9,7.0
2,206,10,7.7
2,206,11,8.4
2,206,12,9.1
2,207,1,4.5
2,207,2,5.0
2,207,3,5.5
2,207,4,7.0
2,207,5,6.0
2,207,6,5.5
2,207,7,5.0
2,207,8,6.5
2,207,9,5.0
2,207,10,5.5
2,207,11,6.0
2,207,12,6.5
2,208,1,4.5
2,208,2,5.0
2,208,3,5.5
2,208,4,7.0
2,208,5,6.0
2,208,6,5.5
2,208,7,5.0
2,208,8,6.5
2,208,9,5.0
2,208,10,5.5
2,208,11,6.0
2,208,12,6.5
2,209,1,20.7
2,209,2,23.0
2,209,3,25.3
2,209,4,32.2
2,209,5,27.6
2,209,6,25.3
2,209,7,23.0
2,209,8,29.9
2,209,9,23.0
2,209,10,25.3
2,209,11,27.6
2,209,12,29.9
3,1,1,13.5
3,1,2,15.0
3,1,3,16.5
3,1,4,21.0
3,1,5,18.0
3,1,6,16.5
3,1,7,15.0
3,1,8,19.5
3,1,9,15.0
3,1,10,16.5
3,1,11,18.0
3,1,12,19.5
3,2,1,8.1
3,2,2,9.0
3,2,3,9.9
3,2,4,12.6
3,2,5,10.8
3,2,6,9.9
3,2,7,9.0
3,2,8,11.7
3,2,9,9.0
3,2,10,9.9
3,2,11,10.8
3,2,12,11.7
3,3,1,14.4
3,3,2,16.0
3,3,3,17.6
3,3,4,22.4
3,3,5,19.2
3,3,6,17.6
3,3,7,16.0
3,3,8,20.8
3,3,9,16.0
3,3,10,17.6
3,3,11,19.2
3,3,12,20.8
3,4,1,6.3
3,4,2,7.0
3,4,3,7.7
3,4,4,9.8
3,4,5,8.4
3,4,6,7.7
3,4,7,7.0
3,4,8,9.1
3,4,9,7.0
3,4,10,7.7
3,4,11,8.4
3,4,12,9.1
3,5,1,4.5
3,5,2,5.0
3,5,3,5.5
3,5,4,7.0
3,5,5,6.0
3,5,6,5.5
3,5,7,5.0
3,5,8,6.5
3,5,9,5.0
3,5,10,5.5
3,5,11,6.0
3,5,12,6.5
3,6,1,4.5
3,6,2,5.0
3,6,3,5.5
3,6,4,7.0
3,6,5,6.0
3,6,6,5.5
3,6,7,5.0
3,6,8,6.5
3,6,9,5.0
3,6,10,5.5
3,6,11,6.0
3,6,12,6.5
3,7,1,10.8
3,7,2,12.0
3,7,3,13.2
3,7,4,16.8
3,7,5,14.4
3,7,6,13.2
3,7,7,12.0
3,7,8,15.6
3,7,9,12.0
3,7,10,13.2
3,7,11,14.4
3,7,12,15.6
3,8,1,12.6
3,8,2,14.0
3,8,3,15.4
3,8,4,19.6
3,8,5,16.8
3,8,6,15.4
3,8,7,14.0
3,8,8,18.2
3,8,9,14.0
3,8,10,15.4
3,8,11,16.8
3,8,12,18.2
3,9,1,13.5
3,9,2,15.0
3,9,3,16.5
3,9,4,21.0
3,9,5,18.0
3,9,6,16.5
3,9,7,15.0
3,9,8,19.5
3,9,9,15.0
3,9,10,16.5
3,9,11,18.0
3,9,12,19.5
3,10,1,14.4
3,10,2,16.0
3,10,3,17.6
3,10,4,22.4
3,10,5,19.2
3,10,6,17.6
3,10,7,16.0
3,10,8,20.8
3,10,9,16.0
3,10,10,17.6
3,10,11,19.2
3,10,12,20.8
3,11,1,15.3
3,11,2,17.0
3,11,3,18.7
3,11,4,23.8
3,11,5,20.4
3,11,6,18.7
3,11,7,17.0
3,11,8,22.1
3,11,9,17.0
3,11,10,18.7
3,11,11,20.4
3,11,12,22.1
3,12,1,14.4
3,12,2,16.0
3,12,3,17.6
3,12,4,22.4
3,12,5,19.2
3,12,6,17.6
3,12,7,16.0
3,12,8,20.8
3,12,9,16.0
3,12,10,17.6
3,12,11,19.2
3,12,12,20.8
3,13,1,16.2
3,13,2,18.0
3,13,3,19.8
3,13,4,25.2
3,13,5,21.6
3,13,6,19.8
3,13,7,18.0
3,13,8,23.4
3,13,9,18.0
3,13,10,19.8
3,13,11,21.6
3,13,12,23.4
3,14,1,5.4
3,14,2,6.0
3,14,3,6.6
3,14,4,8.4
3,14,5,7.2
3,14,6,6.6
3,14,7,6.0
3,14,8,7.8
3,14,9,6.0
3,14,10,6.6
3,14,11,7.2
3,14,12,7.8
3,15,1,20.7
3,15,2,23.0
3,15,3,25.3
3,15,4,32.2
3,15,5,27.6
3,15,6,25.3
3,15,7,23.0
3,15,8,29.9
3,15,9,23.0
3,15,10,25.3
3,15,11,27.6
3,15,12,29.9
3,16,1,19.8
3,16,2,22.0
3,16,3,24.2
3,16,4,30.8
3,16,5,26.4
3,16,6,24.2
3,16,7,22.0
3,16,8,28.6
3,16,9,22.0
3,16,10,24.2
3,16,11,26.4
3,16,12,28.6
3,17,1,6.3
3,17,2,7.0
3,17,3,7.7
3,17,4,9.8
3,17,5,8.4
3,17,6,7.7
3,17,7,7.0
3,17,8,9.1
3,17,9,7.0
3,17,10,7.7
3,17,11,8.4
3,17,12,9.1
3,18,1,18.9
3,18,2,21.0
3,18,3,23.1
3,18,4,29.4
3,18,5,25.2
3,18,6,23.1
3,18,7,21.0
3,18,8,27.3
3,18,9,21.0
3,18,10,23.1
3,18,11,25.2
3,18,12,27.3
3,19,1,10.8
3,19,2,12.0
3,19,3,13.2
3,19,4,16.8
3,19,5,14.4
3,19,6,13.2
3,19,7,12.0
3,19,8,15.6
3,19,9,12.0
3,19,10,13.2
3,19,11,14.4
3,19,12,15.6
3,20,1,12.6
3,20,2,14.0
3,20,3,15.4
3,20,4,19.6
3,20,5,16.8
3,20,6,15.4
3,20,7,14.0
3,20,8,18.2
3,20,9,14.0
3,20,10,15.4
3,20,11,16.8
3,20,12,18.2
3,21,1,5.4
3,21,2,6.0
3,21,3,6.6
3,21,4,8.4
3,21,5,7.2
3,21,6,6.6
3,21,7,6.0
3,21,8,7.8
3,21,9,6.0
3,21,10,6.6
3,21,11,7.2
3,21,12,7.8
3,22,1,20.7
3,22,2,23.0
3,22,3,25.3
3,22,4,32.2
3,22,5,27.6
3,22,6,25.3
3,22,7,23.0
3,22,8,29.9
3,22,9,23.0
3,22,10,25.3
3,22,11,27.6
3,22,12,29.9
3,23,1,11.7
3,23,2,13.0
3,23,3,14.3
3,23,4,18.2
3,23,5,15.6
3,23,6,14.3
3,23,7,13.0
3,23,8,16.9
3,23,9,13.0
3,23,10,14.3
3,23,11,15.6
3,23,12,16.9
3,24,1,9.9
3,24,2,11.0
3,24,3,12.1
3,24,4,15.4
3,24,5,13.2
3,24,6,12.1
3,24,7,11.0
3,24,8,14.3
3,24,9,11.0
3,24,10,12.1
3,24,11,13.2
3,24,12,14.3
3,25,1,7.2
3,25,2,8.0
3,25,3,8.8
3,25,4,11.2
3,25,5,9.6
3,25,6,8.8
3,25,7,8.0
3,25,8,10.4
3,25,9,8.0
3,25,10,8.8
3,25,11,9.6
3,25,12,10.4
3,26,1,19.8
3,26,2,22.0
3,26,3,24.2
3,26,4,30.8
3,26,5,26.4
3,26,6,24.2
3,26,7,22.0
3,26,8,28.6
3,26,9,22.0
3,26,10,24.2
3,26,11,26.4
3,26,12,28.6
3,27,1,15.3
3,27,2,17.0
3,27,3,18.7
3,27,4,23.8
3,27,5,20.4
3,27,6,18.7
3,27,7,17.0
3,27,8,22.1
3,27,9,17.0
3,27,10,18.7
3,27,11,20.4
3,27,12,22.1
3,28,1,13.5
3,28,2,15.0
3,28,3,16.5
3,28,4,21.0
3,28,5,18.0
3,28,6,16.5
3,28,7,15.0
3,28,8,19.5
3,28,9,15.0
3,28,10,16.5
3,28,11,18.0
3,28,12,19.5
3,29,1,7.2
3,29,2,8.0
3,29,3,8.8
3,29,4,11.2
3,29,5,9.6
3,29,6,8.8
3,29,7,8.0
3,29,8,10.4
3,29,9,8.0
3,29,10,8.8
3,29,11,9.6
3,29,12,10.4
3,30,1,7.2
3,30,2,8.0
3,30,3,8.8
3,30,4,11.2
3,30,5,9.6
3,30,6,8.8
3,30,7,8.0
3,30,8,10.4
3,30,9,8.0
3,30,10,8.8
3,30,11,9.6
3,30,12,10.4
3,31,1,12.6
3,31,2,14.0
3,31,3,15.4
3,31,4,19.6
3,31,5,16.8
3,31,6,15.4
3,31,7,14.0
3,31,8,18.2
3,31,9,14.0
3,31,10,15.4
3,31,11,16.8
3,31,12,18.2
3,32,1,8.1
3,32,2,9.0
3,32,3,9.9
3,32,4,12.6
3,32,5,10.8
3,32,6,9.9
3,32,7,9.0
3,32,8,11.7
3,32,9,9.0
3,32,10,9.9
3,32,11,10.8
3,32,12,11.7
3,33,1,11.7
3,33,2,13.0
3,33,3,14.3
3,33,4,18.2
3,33,5,15.6
3,33,6,14.3
3,33,7,13.0
3,33,8,16.9
3,33,9,13.0
3,33,10,14.3
3,33,11,15.6
3,33,12,16.9
3,34,1,6.3
3,34,2,7.0
3,34,3,7.7
3,34,4,9.8
3,34,5,8.4
3,34,6,7.7
3,34,7,7.0
3,34,8,9.1
3,34,9,7.0
3,34,10,7.7
3,34,11,8.4
3,34,12,9.1
3,35,1,18.9
3,35,2,21.0
3,35,3,23.1
3,35,4,29.4
3,35,5,25.2
3,35,6,23.1
3,35,7,21.0
3,35,8,27.3
3,35,9,21.0
3,35,10,23.1
3,35,11,25.2
3,35,12,27.3
3,36,1,6.3
3,36,2,7.0
3,36,3,7.7
3,36,4,9.8
3,36,5,8.4
3,36,6,7.7
3,36,7,7.0
3,36,8,9.1
3,36,9,7.0
3,36,10,7.7
3,36,11,8.4
3,36,12,9.1
3,37,1,18.0
3,37,2,20.0
3,37,3,22.0
3,37,4,28.0
3,37,5,24.0
3,37,6,22.0
3,37,7,20.0
3,37,8,26.0
3,37,9,20.0
3,37,10,22.0
3,37,11,24.0
3,37,12,26.0
3,38,1,7.2
3,38,2,8.0
3,38,3,8.8
3,38,4,11.2
3,38,5,9.6
3,38,6,8.8
3,38,7,8.0
3,38,8,10.4
3,38,9,8.0
3,38,10,8.8
3,38,11,9.6
3,38,12,10.4
3,39,1,19.8
3,39,2,22.0
3,39,3,24.2
3,39,4,30.8
3,39,5,26.4
3,39,6,24.2
3,39,7,22.0
3,39,8,28.6
3,39,9,22.0
3,39,10,24.2
3,39,11,26.4
3,39,12,28.6
3,40,1,18.9
3,40,2,21.0
3,40,3,23.1
3,40,4,29.4
3,40,5,25.2
3,40,6,23.1
3,40,7,21.0
3,40,8,27.3
3,40,9,21.0
3,40,10,23.1
3,40,11,25.2
3,40,12,27.3
3,41,1,9.9
3,41,2,11.0
3,41,3,12.1
3,41,4,15.4
3,41,5,13.2
3,41,6,12.1
3,41,7,11.0
3,41,8,14.3
3,41,9,11.0
3,41,10,12.1
3,41,11,13.2
3,41,12,14.3
3,42,1,8.1
3,42,2,9.0
3,42,3,9.9
3,42,4,12.6
3,42,5,10.8
3,42,6,9.9
3,42,7,9.0
3,42,8,11.7
3,42,9,9.0
3,42,10,9.9
3,42,11,10.8
3,42,12,11.7
3,43,1,14.4
3,43,2,16.0
3,43,3,17.6
3,43,4,22.4
3,43,5,19.2
3,43,6,17.6
3,43,7,16.0
3,43,8,20.8
3,43,9,16.0
3,43,10,17.6
3,43,11,19.2
3,43,12,20.8
3,44,1,18.9
3,44,2,21.0
3,44,3,23.1
3,44,4,29.4
3,44,5,25.2
3,44,6,23.1
3,44,7,21.0
3,44,8,27.3
3,44,9,21.0
3,44,10,23.1
3,44,11,25.2
3,44,12,27.3
3,45,1,15.3
3,45,2,17.0
3,45,3,18.7
3,45,4,23.8
3,45,5,20.4
3,45,6,18.7
3,45,7,17.0
3,45,8,22.1
3,45,9,17.0
3,45,10,18.7
3,45,11,20.4
3,45,12,22.1
3,46,1,6.3
3,46,2,7.0
3,46,3,7.7
3,46,4,9.8
3,46,5,8.4
3,46,6,7.7
3,46,7,7.0
3,46,8,9.1
3,46,9,7.0
3,46,10,7.7
3,46,11,8.4
3,46,12,9.1
3,47,1,11.7
3,47,2,13.0
3,47,3,14.3
3,47,4,18.2
3,47,5,15.6
3,47,6,14.3
3,47,7,13.0
3,47,8,16.9
3,47,9,13.0
3,47,10,14.3
3,47,11,15.6
3,47,12,16.9
3,48,1,18.9
3,48,2,21.0
3,48,3,23.1
3,48,4,29.4
3,48,5,25.2
3,48,6,23.1
3,48,7,21.0
3,48,8,27.3
3,48,9,21.0
3,48,10,23.1
3,48,11,25.2
3,48,12,27.3
3,49,1,18.9
3,49,2,21.0
3,49,3,23.1
3,49,4,29.4
3,49,5,25.2
3,49,6,23.1
3,49,7,21.0
3,49,8,27.3
3,49,9,21.0
3,49,10,23.1
3,49,11,25.2
3,49,12,27.3
3,50,1,21.6
3,50,2,24.0
3,50,3,26.4
3,50,4,33.6
3,50,5,28.8
3,50,6,26.4
3,50,7,24.0
3,50,8,31.2
3,50,9,24.0
3,50,10,26.4
3,50,11,28.8
3,50,12,31.2
3,51,1,18.0
3,51,2,20.0
3,51,3,22.0
3,51,4,28.0
3,51,5,24.0
3,51,6,22.0
3,51,7,20.0
3,51,8,26.0
3,51,9,20.0
3,51,10,22.0
3,51,11,24.0
3,51,12,26.0
3,52,1,15.3
3,52,2,17.0
3,52,3,18.7
3,52,4,23.8
3,52,5,20.4
3,52,6,18.7
3,52,7,17.0
3,52,8,22.1
3,52,9,17.0
3,52,10,18.7
3,52,11,20.4
3,52,12,22.1
3,53,1,20.7
3,53,2,23.0
3,53,3,25.3
3,53,4,32.2
3,53,5,27.6
3,53,6,25.3
3,53,7,23.0
3,53,8,29.9
3,53,9,23.0
3,53,10,25.3
3,53,11,27.6
3,53,12,29.9
3,54,1,18.9
3,54,2,21.0
3,54,3,23.1
3,54,4,29.4
3,54,5,25.2
3,54,6,23.1
3,54,7,21.0
3,54,8,27.3
3,54,9,21.0
3,54,10,23.1
3,54,11,25.2
3,54,12,27.3
3,55,1,7.2
3,55,2,8.0
3,55,3,8.8
3,55,4,11.2
3,55,5,9.6
3,55,6,8.8
3,55,7,8.0
3,55,8,10.4
3,55,9,8.0
3,55,10,8.8
3,55,11,9.6
3,55,12,10.4
3,56,1,14.4
3,56,2,16.0
3,56,3,17.6
3,56,4,22.4
3,56,5,19.2
3,56,6,17.6
3,56,7,16.0
3,56,8,20.8
3,56,9,16.0
3,56,10,17.6
3,56,11,19.2
3,56,12,20.8
3,57,1,11.7
3,57,2,13.0
3,57,3,14.3
3,57,4,18.2
3,57,5,15.6
3,57,6,14.3
3,57,7,13.0
3,57,8,16.9
3,57,9,13.0
3,57,10,14.3
3,57,11,15.6
3,57,12,16.9
3,58,1,20.7
3,58,2,23.0
3,58,3,25.3
3,58,4,32.2
3,58,5,27.6
3,58,6,25.3
3,58,7,23.0
3,58,8,29.9
3,58,9,23.0
3,58,10,25.3
3,58,11,27.6
3,58,12,29.9
3,59,1,14.4
3,59,2,16.0
3,59,3,17.6
3,59,4,22.4
3,59,5,19.2
3,59,6,17.6
3,59,7,16.0
3,59,8,20.8
3,59,9,16.0
3,59,10,17.6
3,59,11,19.2
3,59,12,20.8
3,60,1,11.7
3,60,2,13.0
3,60,3,14.3
3,60,4,18.2
3,60,5,15.6
3,60,6,14.3
3,60,7,13.0
3,60,8,16.9
3,60,9,13.0
3,60,10,14.3
3,60,11,15.6
3,60,12,16.9
3,61,1,9.9
3,61,2,11.0
3,61,3,12.1
3,61,4,15.4
3,61,5,13.2
3,61,6,12.1
3,61,7,11.0
3,61,8,14.3
3,61,9,11.0
3,61,10,12.1
3,61,11,13.2
3,61,12,14.3
3,62,1,16.2
3,62,2,18.0
3,62,3,19.8
3,62,4,25.2
3,62,5,21.6
3,62,6,19.8
3,62,7,18.0
3,62,8,23.4
3,62,9,18.0
3,62,10,19.8
3,62,11,21.6
3,62,12,23.4
3,63,1,21.6
3,63,2,24.0
3,63,3,26.4
3,63,4,33.6
3,63,5,28.8
3,63,6,26.4
3,63,7,24.0
3,63,8,31.2
3,63,9,24.0
3,63,10,26.4
3,63,11,28.8
3,63,12,31.2
3,64,1,20.7
3,64,2,23.0
3,64,3,25.3
3,64,4,32.2
3,64,5,27.6
3,64,6,25.3
3,64,7,23.0
3,64,8,29.9
3,64,9,23.0
3,64,10,25.3
3,64,11,27.6
3,64,12,29.9
3,65,1,17.1
3,65,2,19.0
3,65,3,20.9
3,65,4,26.6
3,65,5,22.8
3,65,6,20.9
3,65,7,19.0
3,65,8,24.7
3,65,9,19.0
3,65,10,20.9
3,65,11,22.8
3,65,12,24.7
3,66,1,18.0
3,66,2,20.0
3,66,3,22.0
3,66,4,28.0
3,66,5,24.0
3,66,6,22.0
3,66,7,20.0
3,66,8,26.0
3,66,9,20.0
3,66,10,22.0
3,66,11,24.0
3,66,12,26.0
3,67,1,8.1
3,67,2,9.0
3,67,3,9.9
3,67,4,12.6
3,67,5,10.8
3,67,6,9.9
3,67,7,9.0
3,67,8,11.7
3,67,9,9.0
3,67,10,9.9
3,67,11,10.8
3,67,12,11.7
3,68,1,6.3
3,68,2,7.0
3,68,3,7.7
3,68,4,9.8
3,68,5,8.4
3,68,6,7.7
3,68,7,7.0
3,68,8,9.1
3,68,9,7.0
3,68,10,7.7
3,68,11,8.4
3,68,12,9.1
3,69,1,14.4
3,69,2,16.0
3,69,3,17.6
3,69,4,22.4
3,69,5,19.2
3,69,6,17.6
3,69,7,16.0
3,69,8,20.8
3,69,9,16.0
3,69,10,17.6
3,69,11,19.2
3,69,12,20.8
3,70,1,21.6
3,70,2,24.0
3,70,3,26.4
3,70,4,33.6
3,70,5,28.8
3,70,6,26.4
3,70,7,24.0
3,70,8,31.2
3,70,9,24.0
3,70,10,26.4
3,70,11,28.8
3,70,12,31.2
3,71,1,7.2
3,71,2,8.0
3,71,3,8.8
3,71,4,11.2
3,71,5,9.6
3,71,6,8.8
3,71,7,8.0
3,71,8,10.4
3,71,9,8.0
3,71,10,8.8
3,71,11,9.6
3,71,12,10.4
3,72,1,18.0
3,72,2,20.0
3,72,3,22.0
3,72,4,28.0
3,72,5,24.0
3,72,6,22.0
3,72,7,20.0
3,72,8,26.0
3,72,9,20.0
3,72,10,22.0
3,72,11,24.0
3,72,12,26.0
3,73,1,9.9
3,73,2,11.0
3,73,3,12.1
3,73,4,15.4
3,73,5,13.2
3,73,6,12.1
3,73,7,11.0
3,73,8,14.3
3,73,9,11.0
3,73,10,12.1
3,73,11,13.2
3,73,12,14.3
3,74,1,15.3
3,74,2,17.0
3,74,3,18.7
3,74,4,23.8
3,74,5,20.4
3,74,6,18.7
3,74,7,17.0
3,74,8,22.1
3,74,9,17.0
3,74,10,18.7
3,74,11,20.4
3,74,12,22.1
3,75,1,12.6
3,75,2,14.0
3,75,3,15.4
3,75,4,19.6
3,75,5,16.8
3,75,6,15.4
3,75,7,14.0
3,75,8,18.2
3,75,9,14.0
3,75,10,15.4
3,75,11,16.8
3,75,12,18.2
3,76,1,9.9
3,76,2,11.0
3,76,3,12.1
3,76,4,15.4
3,76,5,13.2
3,76,6,12.1
3,76,7,11.0
3,76,8,14.3
3,76,9,11.0
3,76,10,12.1
3,76,11,13.2
3,76,12,14.3
3,77,1,16.2
3,77,2,18.0
3,77,3,19.8
3,77,4,25.2
3,77,5,21.6
3,77,6,19.8
3,77,7,18.0
3,77,8,23.4
3,77,9,18.0
3,77,10,19.8
3,77,11,21.6
3,77,12,23.4
3,78,1,8.1
3,78,2,9.0
3,78,3,9.9
3,78,4,12.6
3,78,5,10.8
3,78,6,9.9
3,78,7,9.0
3,78,8,11.7
3,78,9,9.0
3,78,10,9.9
3,78,11,10.8
3,78,12,11.7
3,79,1,6.3
3,79,2,7.0
3,79,3,7.7
3,79,4,9.8
3,79,5,8.4
3,79,6,7.7
3,79,7,7.0
3,79,8,9.1
3,79,9,7.0
3,79,10,7.7
3,79,11,8.4
3,79,12,9.1
3,80,1,13.5
3,80,2,15.0
3,80,3,16.5
3,80,4,21.0
3,80,5,18.0
3,80,6,16.5
3,80,7,15.0
3,80,8,19.5
3,80,9,15.0
3,80,10,16.5
3,80,11,18.0
3,80,12,19.5
3,81,1,13.5
3,81,2,15.0
3,81,3,16.5
3,81,4,21.0
3,81,5,18.0
3,81,6,16.5
3,81,7,15.0
3,81,8,19.5
3,81,9,15.0
3,81,10,16.5
3,81,11,18.0
3,81,12,19.5
3,82,1,19.8
3,82,2,22.0
3,82,3,24.2
3,82,4,30.8
3,82,5,26.4
3,82,6,24.2
3,82,7,22.0
3,82,8,28.6
3,82,9,22.0
3,82,10,24.2
3,82,11,26.4
3,82,12,28.6
3,83,1,17.1
3,83,2,19.0
3,83,3,20.9
3,83,4,26.6
3,83,5,22.8
3,83,6,20.9
3,83,7,19.0
3,83,8,24.7
3,83,9,19.0
3,83,10,20.9
3,83,11,22.8
3,83,12,24.7
3,84,1,14.4
3,84,2,16.0
3,84,3,17.6
3,84,4,22.4
3,84,5,19.2
3,84,6,17.6
3,84,7,16.0
3,84,8,20.8
3,84,9,16.0
3,84,10,17.6
3,84,11,19.2
3,84,12,20.8
3,85,1,11.7
3,85,2,13.0
3,85,3,14.3
3,85,4,18.2
3,85,5,15.6
3,85,6,14.3
3,85,7,13.0
3,85,8,16.9
3,85,9,13.0
3,85,10,14.3
3,85,11,15.6
3,85,12,16.9
3,86,1,12.6
3,86,2,14.0
3,86,3,15.4
3,86,4,19.6
3,86,5,16.8
3,86,6,15.4
3,86,7,14.0
3,86,8,18.2
3,86,9,14.0
3,86,10,15.4
3,86,11,16.8
3,86,12,18.2
3,87,1,14.4
3,87,2,16.0
3,87,3,17.6
3,87,4,22.4
3,87,5,19.2
3,87,6,17.6
3,87,7,16.0
3,87,8,20.8
3,87,9,16.0
3,87,10,17.6
3,87,11,19.2
3,87,12,20.8
3,88,1,18.9
3,88,2,21.0
3,88,3,23.1
3,88,4,29.4
3,88,5,25.2
3,88,6,23.1
3,88,7,21.0
3,88,8,27.3
3,88,9,21.0
3,88,10,23.1
3,88,11,25.2
3,88,12,27.3
3,89,1,9.0
3,89,2,10.0
3,89,3,11.0
3,89,4,14.0
3,89,5,12.0
3,89,6,11.0
3,89,7,10.0
3,89,8,13.0
3,89,9,10.0
3,89,10,11.0
3,89,11,12.0
3,89,12,13.0
3,90,1,9.9
3,90,2,11.0
3,90,3,12.1
3,90,4,15.4
3,90,5,13.2
3,90,6,12.1
3,90,7,11.0
3,90,8,14.3
3,90,9,11.0
3,90,10,12.1
3,90,11,13.2
3,90,12,14.3
3,91,1,16.2
3,91,2,18.0
3,91,3,19.8
3,91,4,25.2
3,91,5,21.6
3,91,6,19.8
3,91,7,18.0
3,91,8,23.4
3,91,9,18.0
3,91,10,19.8
3,91,11,21.6
3,91,12,23.4
3,92,1,15.3
3,92,2,17.0
3,92,3,18.7
3,92,4,23.8
3,92,5,20.4
3,92,6,18.7
3,92,7,17.0
3,92,8,22.1
3,92,9,17.0
3,92,10,18.7
3,92,11,20.4
3,92,12,22.1
3,93,1,10.8
3,93,2,12.0
3,93,3,13.2
3,93,4,16.8
3,93,5,14.4
3,93,6,13.2
3,93,7,12.0
3,93,8,15.6
3,93,9,12.0
3,93,10,13.2
3,93,11,14.4
3,93,12,15.6
3,94,1,12.6
3,94,2,14.0
3,94,3,15.4
3,94,4,19.6
3,94,5,16.8
3,94,6,15.4
3,94,7,14.0
3,94,8,18.2
3,94,9,14.0
3,94,10,15.4
3,94,11,16.8
3,94,12,18.2
3,95,1,11.7
3,95,2,13.0
3,95,3,14.3
3,95,4,18.2
3,95,5,15.6
3,95,6,14.3
3,95,7,13.0
3,95,8,16.9
3,95,9,13.0
3,95,10,14.3
3,95,11,15.6
3,95,12,16.9
3,96,1,19.8
3,96,2,22.0
3,96,3,24.2
3,96,4,30.8
3,96,5,26.4
3,96,6,24.2
3,96,7,22.0
3,96,8,28.6
3,96,9,22.0
3,96,10,24.2
3,96,11,26.4
3,96,12,28.6
3,97,1,5.4
3,97,2,6.0
3,97,3,6.6
3,97,4,8.4
3,97,5,7.2
3,97,6,6.6
3,97,7,6.0
3,97,8,7.8
3,97,9,6.0
3,97,10,6.6
3,97,11,7.2
3,97,12,7.8
3,98,1,8.1
3,98,2,9.0
3,98,3,9.9
3,98,4,12.6
3,98,5,10.8
3,98,6,9.9
3,98,7,9.0
3,98,8,11.7
3,98,9,9.0
3,98,10,9.9
3,98,11,10.8
3,98,12,11.7
3,99,1,8.1
3,99,2,9.0
3,99,3,9.9
3,99,4,12.6
3,99,5,10.8
3,99,6,9.9
3,99,7,9.0
3,99,8,11.7
3,99,9,9.0
3,99,10,9.9
3,99,11,10.8
3,99,12,11.7
3,100,1,9.0
3,100,2,10.0
3,100,3,11.0
3,100,4,14.0
3,100,5,12.0
3,100,6,11.0
3,100,7,10.0
3,100,8,13.0
3,100,9,10.0
3,100,10,11.0
3,100,11,12.0
3,100,12,13.0
3,101,1,20.7
3,101,2,23.0
3,101,3,25.3
3,101,4,32.2
3,101,5,27.6
3,101,6,25.3
3,101,7,23.0
3,101,8,29.9
3,101,9,23.0
3,101,10,25.3
3,101,11,27.6
3,101,12,29.9
3,102,1,10.8
3,102,2,12.0
3,102,3,13.2
3,102,4,16.8
3,102,5,14.4
3,102,6,13.2
3,102,7,12.0
3,102,8,15.6
3,102,9,12.0
3,102,10,13.2
3,102,11,14.4
3,102,12,15.6
3,103,1,18.0
3,103,2,20.0
3,103,3,22.0
3,103,4,28.0
3,103,5,24.0
3,103,6,22.0
3,103,7,20.0
3,103,8,26.0
3,103,9,20.0
3,103,10,22.0
3,103,11,24.0
3,103,12,26.0
3,104,1,15.3
3,104,2,17.0
3,104,3,18.7
3,104,4,23.8
3,104,5,20.4
3,104,6,18.7
3,104,7,17.0
3,104,8,22.1
3,104,9,17.0
3,104,10,18.7
3,104,11,20.4
3,104,12,22.1
3,105,1,4.5
3,105,2,5.0
3,105,3,5.5
3,105,4,7.0
3,105,5,6.0
3,105,6,5.5
3,105,7,5.0
3,105,8,6.5
3,105,9,5.0
3,105,10,5.5
3,105,11,6.0
3,105,12,6.5
3,106,1,21.6
3,106,2,24.0
3,106,3,26.4
3,106,4,33.6
3,106,5,28.8
3,106,6,26.4
3,106,7,24.0
3,106,8,31.2
3,106,9,24.0
3,106,10,26.4
3,106,11,28.8
3,106,12,31.2
3,107,1,18.9
3,107,2,21.0
3,107,3,23.1
3,107,4,29.4
3,107,5,25.2
3,107,6,23.1
3,107,7,21.0
3,107,8,27.3
3,107,9,21.0
3,107,10,23.1
3,107,11,25.2
3,107,12,27.3
3,108,1,9.9
3,108,2,11.0
3,108,3,12.1
3,108,4,15.4
3,108,5,13.2
3,108,6,12.1
3,108,7,11.0
3,108,8,14.3
3,108,9,11.0
3,108,10,12.1
3,108,11,13.2
3,108,12,14.3
3,109,1,15.3
3,109,2,17.0
3,109,3,18.7
3,109,4,23.8
3,109,5,20.4
3,109,6,18.7
3,109,7,17.0
3,109,8,22.1
3,109,9,17.0
3,109,10,18.7
3,109,11,20.4
3,109,12,22.1
3,110,1,7.2
3,110,2,8.0
3,110,3,8.8
3,110,4,11.2
3,110,5,9.6
3,110,6,8.8
3,110,7,8.0
3,110,8,10.4
3,110,9,8.0
3,110,10,8.8
3,110,11,9.6
3,110,12,10.4
3,111,1,7.2
3,111,2,8.0
3,111,3,8.8
3,111,4,11.2
3,111,5,9.6
3,111,6,8.8
3,111,7,8.0
3,111,8,10.4
3,111,9,8.0
3,111,10,8.8
3,111,11,9.6
3,111,12,10.4
3,112,1,9.0
3,112,2,10.0
3,112,3,11.0
3,112,4,14.0
3,112,5,12.0
3,112,6,11.0
3,112,7,10.0
3,112,8,13.0
3,112,9,10.0
3,112,10,11.0
3,112,11,12.0
3,112,12,13.0
3,113,1,20.7
3,113,2,23.0
3,113,3,25.3
3,113,4,32.2
3,113,5,27.6
3,113,6,25.3
3,113,7,23.0
3,113,8,29.9
3,113,9,23.0
3,113,10,25.3
3,113,11,27.6
3,113,12,29.9
3,114,1,14.4
3,114,2,16.0
3,114,3,17.6
3,114,4,22.4
3,114,5,19.2
3,114,6,17.6
3,114,7,16.0
3,114,8,20.8
3,114,9,16.0
3,114,10,17.6
3,114,11,19.2
3,114,12,20.8
3,115,1,9.9
3,115,2,11.0
3,115,3,12.1
3,115,4,15.4
3,115,5,13.2
3,115,6,12.1
3,115,7,11.0
3,115,8,14.3
3,115,9,11.0
3,115,10,12.1
3,115,11,13.2
3,115,12,14.3
3,116,1,12.6
3,116,2,14.0
3,116,3,15.4
3,116,4,19.6
3,116,5,16.8
3,116,6,15.4
3,116,7,14.0
3,116,8,18.2
3,116,9,14.0
3,116,10,15.4
3,116,11,16.8
3,116,12,18.2
3,117,1,20.7
3,117,2,23.0
3,117,3,25.3
3,117,4,32.2
3,117,5,27.6
3,117,6,25.3
3,117,7,23.0
3,117,8,29.9
3,117,9,23.0
3,117,10,25.3
3,117,11,27.6
3,117,12,29.9
3,118,1,9.9
3,118,2,11.0
3,118,3,12.1
3,118,4,15.4
3,118,5,13.2
3,118,6,12.1
3,118,7,11.0
3,118,8,14.3
3,118,9,11.0
3,118,10,12.1
3,118,11,13.2
3,118,12,14.3
3,119,1,6.3
3,119,2,7.0
3,119,3,7.7
3,119,4,9.8
3,119,5,8.4
3,119,6,7.7
3,119,7,7.0
3,119,8,9.1
3,119,9,7.0
3,119,10,7.7
3,119,11,8.4
3,119,12,9.1
3,120,1,15.3
3,120,2,17.0
3,120,3,18.7
3,120,4,23.8
3,120,5,20.4
3,120,6,18.7
3,120,7,17.0
3,120,8,22.1
3,120,9,17.0
3,120,10,18.7
3,120,11,20.4
3,120,12,22.1
3,121,1,15.3
3,121,2,17.0
3,121,3,18.7
3,121,4,23.8
3,121,5,20.4
3,121,6,18.7
3,121,7,17.0
3,121,8,22.1
3,121,9,17.0
3,121,10,18.7
3,121,11,20.4
3,121,12,22.1
3,122,1,19.8
3,122,2,22.0
3,122,3,24.2
3,122,4,30.8
3,122,5,26.4
3,122,6,24.2
3,122,7,22.0
3,122,8,28.6
3,122,9,22.0
3,122,10,24.2
3,122,11,26.4
3,122,12,28.6
3,123,1,21.6
3,123,2,24.0
3,123,3,26.4
3,123,4,33.6
3,123,5,28.8
3,123,6,26.4
3,123,7,24.0
3,123,8,31.2
3,123,9,24.0
3,123,10,26.4
3,123,11,28.8
3,123,12,31.2
3,124,1,10.8
3,124,2,12.0
3,124,3,13.2
3,124,4,16.8
3,124,5,14.4
3,124,6,13.2
3,124,7,12.0
3,124,8,15.6
3,124,9,12.0
3,124,10,13.2
3,124,11,14.4
3,124,12,15.6
3,125,1,11.7
3,125,2,13.0
3,125,3,14.3
3,125,4,18.2
3,125,5,15.6
3,125,6,14.3
3,125,7,13.0
3,125,8,16.9
3,125,9,13.0
3,125,10,14.3
3,125,11,15.6
3,125,12,16.9
3,126,1,9.9
3,126,2,11.0
3,126,3,12.1
3,126,4,15.4
3,126,5,13.2
3,126,6,12.1
3,126,7,11.0
3,126,8,14.3
3,126,9,11.0
3,126,10,12.1
3,126,11,13.2
3,126,12,14.3
3,127,1,4.5
3,127,2,5.0
3,127,3,5.5
3,127,4,7.0
3,127,5,6.0
3,127,6,5.5
3,127,7,5.0
3,127,8,6.5
3,127,9,5.0
3,127,10,5.5
3,127,11,6.0
3,127,12,6.5
3,128,1,6.3
3,128,2,7.0
3,128,3,7.7
3,128,4,9.8
3,128,5,8.4
3,128,6,7.7
3,128,7,7.0
3,128,8,9.1
3,128,9,7.0
3,128,10,7.7
3,128,11,8.4
3,128,12,9.1
3,129,1,15.3
3,129,2,17.0
3,129,3,18.7
3,129,4,23.8
3,129,5,20.4
3,129,6,18.7
3,129,7,17.0
3,129,8,22.1
3,129,9,17.0
3,129,10,18.7
3,129,11,20.4
3,129,12,22.1
3,130,1,18.9
3,130,2,21.0
3,130,3,23.1
3,130,4,29.4
3,130,5,25.2
3,130,6,23.1
3,130,7,21.0
3,130,8,27.3
3,130,9,21.0
3,130,10,23.1
3,130,11,25.2
3,130,12,27.3
3,131,1,4.5
3,131,2,5.0
3,131,3,5.5
3,131,4,7.0
3,131,5,6.0
3,131,6,5.5
3,131,7,5.0
3,131,8,6.5
3,131,9,5.0
3,131,10,5.5
3,131,11,6.0
3,131,12,6.5
3,132,1,9.0
3,132,2,10.0
3,132,3,11.0
3,132,4,14.0
3,132,5,12.0
3,132,6,11.0
3,132,7,10.0
3,132,8,13.0
3,132,9,10.0
3,132,10,11.0
3,132,11,12.0
3,132,12,13.0
3,133,1,9.0
3,133,2,10.0
3,133,3,11.0
3,133,4,14.0
3,133,5,12.0
3,133,6,11.0
3,133,7,10.0
3,133,8,13.0
3,133,9,10.0
3,133,10,11.0
3,133,11,12.0
3,133,12,13.0
3,134,1,14.4
3,134,2,16.0
3,134,3,17.6
3,134,4,22.4
3,134,5,19.2
3,134,6,17.6
3,134,7,16.0
3,134,8,20.8
3,134,9,16.0
3,134,10,17.6
3,134,11,19.2
3,134,12,20.8
3,135,1,15.3
3,135,2,17.0
3,135,3,18.7
3,135,4,23.8
3,135,5,20.4
3,135,6,18.7
3,135,7,17.0
3,135,8,22.1
3,135,9,17.0
3,135,10,18.7
3,135,11,20.4
3,135,12,22.1
3,136,1,15.3
3,136,2,17.0
3,136,3,18.7
3,136,4,23.8
3,136,5,20.4
3,136,6,18.7
3,136,7,17.0
3,136,8,22.1
3,136,9,17.0
3,136,10,18.7
3,136,11,20.4
3,136,12,22.1
3,137,1,17.1
3,137,2,19.0
3,137,3,20.9
3,137,4,26.6
3,137,5,22.8
3,137,6,20.9
3,137,7,19.0
3,137,8,24.7
3,137,9,19.0
3,137,10,20.9
3,137,11,22.8
3,137,12,24.7
3,138,1,18.0
3,138,2,20.0
3,138,3,22.0
3,138,4,28.0
3,138,5,24.0
3,138,6,22.0
3,138,7,20.0
3,138,8,26.0
3,138,9,20.0
3,138,10,22.0
3,138,11,24.0
3,138,12,26.0
3,139,1,13.5
3,139,2,15.0
3,139,3,16.5
3,139,4,21.0
3,139,5,18.0
3,139,6,16.5
3,139,7,15.0
3,139,8,19.5
3,139,9,15.0
3,139,10,16.5
3,139,11,18.0
3,139,12,19.5
3,140,1,8.1
3,140,2,9.0
3,140,3,9.9
3,140,4,12.6
3,140,5,10.8
3,140,6,9.9
3,140,7,9.0
3,140,8,11.7
3,140,9,9.0
3,140,10,9.9
3,140,11,10.8
3,140,12,11.7
3,141,1,7.2
3,141,2,8.0
3,141,3,8.8
3,141,4,11.2
3,141,5,9.6
3,141,6,8.8
3,141,7,8.0
3,141,8,10.4
3,141,9,8.0
3,141,10,8.8
3,141,11,9.6
3,141,12,10.4
3,142,1,6.3
3,142,2,7.0
3,142,3,7.7
3,142,4,9.8
3,142,5,8.4
3,142,6,7.7
3,142,7,7.0
3,142,8,9.1
3,142,9,7.0
3,142,10,7.7
3,142,11,8.4
3,142,12,9.1
3,143,1,20.7
3,143,2,23.0
3,143,3,25.3
3,143,4,32.2
3,143,5,27.6
3,143,6,25.3
3,143,7,23.0
3,143,8,29.9
3,143,9,23.0
3,143,10,25.3
3,143,11,27.6
3,143,12,29.9
3,144,1,21.6
3,144,2,24.0
3,144,3,26.4
3,144,4,33.6
3,144,5,28.8
3,144,6,26.4
3,144,7,24.0
3,144,8,31.2
3,144,9,24.0
3,144,10,26.4
3,144,11,28.8
3,144,12,31.2
3,145,1,19.8
3,145,2,22.0
3,145,3,24.2
3,145,4,30.8
3,145,5,26.4
3,145,6,24.2
3,145,7,22.0
3,145,8,28.6
3,145,9,22.0
3,145,10,24.2
3,145,11,26.4
3,145,12,28.6
3,146,1,17.1
3,146,2,19.0
3,146,3,20.9
3,146,4,26.6
3,146,5,22.8
3,146,6,20.9
3,146,7,19.0
3,146,8,24.7
3,146,9,19.0
3,146,10,20.9
3,146,11,22.8
3,146,12,24.7
3,147,1,11.7
3,147,2,13.0
3,147,3,14.3
3,147,4,18.2
3,147,5,15.6
3,147,6,14.3
3,147,7,13.0
3,147,8,16.9
3,147,9,13.0
3,147,10,14.3
3,147,11,15.6
3,147,12,16.9
3,148,1,18.9
3,148,2,21.0
3,148,3,23.1
3,148,4,29.4
3,148,5,25.2
3,148,6,23.1
3,148,7,21.0
3,148,8,27.3
3,148,9,21.0
3,148,10,23.1
3,148,11,25.2
3,148,12,27.3
3,149,1,16.2
3,149,2,18.0
3,149,3,19.8
3,149,4,25.2
3,149,5,21.6
3,149,6,19.8
3,149,7,18.0
3,149,8,23.4
3,149,9,18.0
3,149,10,19.8
3,149,11,21.6
3,149,12,23.4
3,150,1,17.1
3,150,2,19.0
3,150,3,20.9
3,150,4,26.6
3,150,5,22.8
3,150,6,20.9
3,150,7,19.0
3,150,8,24.7
3,150,9,19.0
3,150,10,20.9
3,150,11,22.8
3,150,12,24.7
3,151,1,4.5
3,151,2,5.0
3,151,3,5.5
3,151,4,7.0
3,151,5,6.0
3,151,6,5.5
3,151,7,5.0
3,151,8,6.5
3,151,9,5.0
3,151,10,5.5
3,151,11,6.0
3,151,12,6.5
3,152,1,6.3
3,152,2,7.0
3,152,3,7.7
3,152,4,9.8
3,152,5,8.4
3,152,6,7.7
3,152,7,7.0
3,152,8,9.1
3,152,9,7.0
3,152,10,7.7
3,152,11,8.4
3,152,12,9.1
3,153,1,18.0
3,153,2,20.0
3,153,3,22.0
3,153,4,28.0
3,153,5,24.0
3,153,6,22.0
3,153,7,20.0
3,153,8,26.0
3,153,9,20.0
3,153,10,22.0
3,153,11,24.0
3,153,12,26.0
3,154,1,13.5
3,154,2,15.0
3,154,3,16.5
3,154,4,21.0
3,154,5,18.0
3,154,6,16.5
3,154,7,15.0
3,154,8,19.5
3,154,9,15.0
3,154,10,16.5
3,154,11,18.0
3,154,12,19.5
3,155,1,14.4
3,155,2,16.0
3,155,3,17.6
3,155,4,22.4
3,155,5,19.2
3,155,6,17.6
3,155,7,16.0
3,155,8,20.8
3,155,9,16.0
3,155,10,17.6
3,155,11,19.2
3,155,12,20.8
3,156,1,12.6
3,156,2,14.0
3,156,3,15.4
3,156,4,19.6
3,156,5,16.8
3,156,6,15.4
3,156,7,14.0
3,156,8,18.2
3,156,9,14.0
3,156,10,15.4
3,156,11,16.8
3,156,12,18.2
3,157,1,18.0
3,157,2,20.0
3,157,3,22.0
3,157,4,28.0
3,157,5,24.0
3,157,6,22.0
3,157,7,20.0
3,157,8,26.0
3,157,9,20.0
3,157,10,22.0
3,157,11,24.0
3,157,12,26.0
3,158,1,10.8
3,158,2,12.0
3,158,3,13.2
3,158,4,16.8
3,158,5,14.4
3,158,6,13.2
3,158,7,12.0
3,158,8,15.6
3,158,9,12.0
3,158,10,13.2
3,158,11,14.4
3,158,12,15.6
3,159,1,9.0
3,159,2,10.0
3,159,3,11.0
3,159,4,14.0
3,159,5,12.0
3,159,6,11.0
3,159,7,10.0
3,159,8,13.0
3,159,9,10.0
3,159,10,11.0
3,159,11,12.0
3,159,12,13.0
3,160,1,14.4
3,160,2,16.0
3,160,3,17.6
3,160,4,22.4
3,160,5,19.2
3,160,6,17.6
3,160,7,16.0
3,160,8,20.8
3,160,9,16.0
3,160,10,17.6
3,160,11,19.2
3,160,12,20.8
3,161,1,10.8
3,161,2,12.0
3,161,3,13.2
3,161,4,16.8
3,161,5,14.4
3,161,6,13.2
3,161,7,12.0
3,161,8,15.6
3,161,9,12.0
3,161,10,13.2
3,161,11,14.4
3,161,12,15.6
3,162,1,7.2
3,162,2,8.0
3,162,3,8.8
3,162,4,11.2
3,162,5,9.6
3,162,6,8.8
3,162,7,8.0
3,162,8,10.4
3,162,9,8.0
3,162,10,8.8
3,162,11,9.6
3,162,12,10.4
3,163,1,10.8
3,163,2,12.0
3,163,3,13.2
3,163,4,16.8
3,163,5,14.4
3,163,6,13.2
3,163,7,12.0
3,163,8,15.6
3,163,9,12.0
3,163,10,13.2
3,163,11,14.4
3,163,12,15.6
3,164,1,19.8
3,164,2,22.0
3,164,3,24.2
3,164,4,30.8
3,164,5,26.4
3,164,6,24.2
3,164,7,22.0
3,164,8,28.6
3,164,9,22.0
3,164,10,24.2
3,164,11,26.4
3,164,12,28.6
3,165,1,8.1
3,165,2,9.0
3,165,3,9.9
3,165,4,12.6
3,165,5,10.8
3,165,6,9.9
3,165,7,9.0
3,165,8,11.7
3,165,9,9.0
3,165,10,9.9
3,165,11,10.8
3,165,12,11.7
3,166,1,11.7
3,166,2,13.0
3,166,3,14.3
3,166,4,18.2
3,166,5,15.6
3,166,6,14.3
3,166,7,13.0
3,166,8,16.9
3,166,9,13.0
3,166,10,14.3
3,166,11,15.6
3,166,12,16.9
3,167,1,7.2
3,167,2,8.0
3,167,3,8.8
3,167,4,11.2
3,167,5,9.6
3,167,6,8.8
3,167,7,8.0
3,167,8,10.4
3,167,9,8.0
3,167,10,8.8
3,167,11,9.6
3,167,12,10.4
3,168,1,18.9
3,168,2,21.0
3,168,3,23.1
3,168,4,29.4
3,168,5,25.2
3,168,6,23.1
3,168,7,21.0
3,168,8,27.3
3,168,9,21.0
3,168,10,23.1
3,168,11,25.2
3,168,12,27.3
3,169,1,11.7
3,169,2,13.0
3,169,3,14.3
3,169,4,18.2
3,169,5,15.6
3,169,6,14.3
3,169,7,13.0
3,169,8,16.9
3,169,9,13.0
3,169,10,14.3
3,169,11,15.6
3,169,12,16.9
3,170,1,4.5
3,170,2,5.0
3,170,3,5.5
3,170,4,7.0
3,170,5,6.0
3,170,6,5.5
3,170,7,5.0
3,170,8,6.5
3,170,9,5.0
3,170,10,5.5
3,170,11,6.0
3,170,12,6.5
3,171,1,21.6
3,171,2,24.0
3,171,3,26.4
3,171,4,33.6
3,171,5,28.8
3,171,6,26.4
3,171,7,24.0
3,171,8,31.2
3,171,9,24.0
3,171,10,26.4
3,171,11,28.8
3,171,12,31.2
3,172,1,15.3
3,172,2,17.0
3,172,3,18.7
3,172,4,23.8
3,172,5,20.4
3,172,6,18.7
3,172,7,17.0
3,172,8,22.1
3,172,9,17.0
3,172,10,18.7
3,172,11,20.4
3,172,12,22.1
3,173,1,18.0
3,173,2,20.0
3,173,3,22.0
3,173,4,28.0
3,173,5,24.0
3,173,6,22.0
3,173,7,20.0
3,173,8,26.0
3,173,9,20.0
3,173,10,22.0
3,173,11,24.0
3,173,12,26.0
3,174,1,15.3
3,174,2,17.0
3,174,3,18.7
3,174,4,23.8
3,174,5,20.4
3,174,6,18.7
3,174,7,17.0
3,174,8,22.1
3,174,9,17.0
3,174,10,18.7
3,174,11,20.4
3,174,12,22.1
3,175,1,16.2
3,175,2,18.0
3,175,3,19.8
3,175,4,25.2
3,175,5,21.6
3,175,6,19.8
3,175,7,18.0
3,175,8,23.4
3,175,9,18.0
3,175,10,19.8
3,175,11,21.6
3,175,12,23.4
3,176,1,6.3
3,176,2,7.0
3,176,3,7.7
3,176,4,9.8
3,176,5,8.4
3,176,6,7.7
3,176,7,7.0
3,176,8,9.1
3,176,9,7.0
3,176,10,7.7
3,176,11,8.4
3,176,12,9.1
3,177,1,9.0
3,177,2,10.0
3,177,3,11.0
3,177,4,14.0
3,177,5,12.0
3,177,6,11.0
3,177,7,10.0
3,177,8,13.0
3,177,9,10.0
3,177,10,11.0
3,177,11,12.0
3,177,12,13.0
3,178,1,19.8
3,178,2,22.0
3,178,3,24.2
3,178,4,30.8
3,178,5,26.4
3,178,6,24.2
3,178,7,22.0
3,178,8,28.6
3,178,9,22.0
3,178,10,24.2
3,178,11,26.4
3,178,12,28.6
3,179,1,20.7
3,179,2,23.0
3,179,3,25.3
3,179,4,32.2
3,179,5,27.6
3,179,6,25.3
3,179,7,23.0
3,179,8,29.9
3,179,9,23.0
3,179,10,25.3
3,179,11,27.6
3,179,12,29.9
3,180,1,8.1
3,180,2,9.0
3,180,3,9.9
3,180,4,12.6
3,180,5,10.8
3,180,6,9.9
3,180,7,9.0
3,180,8,11.7
3,180,9,9.0
3,180,10,9.9
3,180,11,10.8
3,180,12,11.7
3,181,1,17.1
3,181,2,19.0
3,181,3,20.9
3,181,4,26.6
3,181,5,22.8
3,181,6,20.9
3,181,7,19.0
3,181,8,24.7
3,181,9,19.0
3,181,10,20.9
3,181,11,22.8
3,181,12,24.7
3,182,1,5.4
3,182,2,6.0
3,182,3,6.6
3,182,4,8.4
3,182,5,7.2
3,182,6,6.6
3,182,7,6.0
3,182,8,7.8
3,182,9,6.0
3,182,10,6.6
3,182,11,7.2
3,182,12,7.8
3,183,1,12.6
3,183,2,14.0
3,183,3,15.4
3,183,4,19.6
3,183,5,16.8
3,183,6,15.4
3,183,7,14.0
3,183,8,18.2
3,183,9,14.0
3,183,10,15.4
3,183,11,16.8
3,183,12,18.2
3,184,1,19.8
3,184,2,22.0
3,184,3,24.2
3,184,4,30.8
3,184,5,26.4
3,184,6,24.2
3,184,7,22.0
3,184,8,28.6
3,184,9,22.0
3,184,10,24.2
3,184,11,26.4
3,184,12,28.6
3,185,1,15.3
3,185,2,17.0
3,185,3,18.7
3,185,4,23.8
3,185,5,20.4
3,185,6,18.7
3,185,7,17.0
3,185,8,22.1
3,185,9,17.0
3,185,10,18.7
3,185,11,20.4
3,185,12,22.1
3,186,1,8.1
3,186,2,9.0
3,186,3,9.9
3,186,4,12.6
3,186,5,10.8
3,186,6,9.9
3,186,7,9.0
3,186,8,11.7
3,186,9,9.0
3,186,10,9.9
3,186,11,10.8
3,186,12,11.7
3,187,1,4.5
3,187,2,5.0
3,187,3,5.5
3,187,4,7.0
3,187,5,6.0
3,187,6,5.5
3,187,7,5.0
3,187,8,6.5
3,187,9,5.0
3,187,10,5.5
3,187,11,6.0
3,187,12,6.5
3,188,1,4.5
3,188,2,5.0
3,188,3,5.5
3,188,4,7.0
3,188,5,6.0
3,188,6,5.5
3,188,7,5.0
3,188,8,6.5
3,188,9,5.0
3,188,10,5.5
3,188,11,6.0
3,188,12,6.5
3,189,1,19.8
3,189,2,22.0
3,189,3,24.2
3,189,4,30.8
3,189,5,26.4
3,189,6,24.2
3,189,7,22.0
3,189,8,28.6
3,189,9,22.0
3,189,10,24.2
3,189,11,26.4
3,189,12,28.6
3,190,1,17.1
3,190,2,19.0
3,190,3,20.9
3,190,4,26.6
3,190,5,22.8
3,190,6,20.9
3,190,7,19.0
3,190,8,24.7
3,190,9,19.0
3,190,10,20.9
3,190,11,22.8
3,190,12,24.7
3,191,1,18.9
3,191,2,21.0
3,191,3,23.1
3,191,4,29.4
3,191,5,25.2
3,191,6,23.1
3,191,7,21.0
3,191,8,27.3
3,191,9,21.0
3,191,10,23.1
3,191,11,25.2
3,191,12,27.3
3,192,1,13.5
3,192,2,15.0
3,192,3,16.5
3,192,4,21.0
3,192,5,18.0
3,192,6,16.5
3,192,7,15.0
3,192,8,19.5
3,192,9,15.0
3,192,10,16.5
3,192,11,18.0
3,192,12,19.5
3,193,1,18.9
3,193,2,21.0
3,193,3,23.1
3,193,4,29.4
3,193,5,25.2
3,193,6,23.1
3,193,7,21.0
3,193,8,27.3
3,193,9,21.0
3,193,10,23.1
3,193,11,25.2
3,193,12,27.3
3,194,1,15.3
3,194,2,17.0
3,194,3,18.7
3,194,4,23.8
3,194,5,20.4
3,194,6,18.7
3,194,7,17.0
3,194,8,22.1
3,194,9,17.0
3,194,10,18.7
3,194,11,20.4
3,194,12,22.1
3,195,1,4.5
3,195,2,5.0
3,195,3,5.5
3,195,4,7.0
3,195,5,6.0
3,195,6,5.5
3,195,7,5.0
3,195,8,6.5
3,195,9,5.0
3,195,10,5.5
3,195,11,6.0
3,195,12,6.5
3,196,1,5.4
3,196,2,6.0
3,196,3,6.6
3,196,4,8.4
3,196,5,7.2
3,196,6,6.6
3,196,7,6.0
3,196,8,7.8
3,196,9,6.0
3,196,10,6.6
3,196,11,7.2
3,196,12,7.8
3,197,1,11.7
3,197,2,13.0
3,197,3,14.3
3,197,4,18.2
3,197,5,15.6
3,197,6,14.3
3,197,7,13.0
3,197,8,16.9
3,197,9,13.0
3,197,10,14.3
3,197,11,15.6
3,197,12,16.9
3,198,1,6.3
3,198,2,7.0
3,198,3,7.7
3,198,4,9.8
3,198,5,8.4
3,198,6,7.7
3,198,7,7.0
3,198,8,9.1
3,198,9,7.0
3,198,10,7.7
3,198,11,8.4
3,198,12,9.1
3,199,1,4.5
3,199,2,5.0
3,199,3,5.5
3,199,4,7.0
3,199,5,6.0
3,199,6,5.5
3,199,7,5.0
3,199,8,6.5
3,199,9,5.0
3,199,10,5.5
3,199,11,6.0
3,199,12,6.5
3,200,1,18.0
3,200,2,20.0
3,200,3,22.0
3,200,4,28.0
3,200,5,24.0
3,200,6,22.0
3,200,7,20.0
3,200,8,26.0
3,200,9,20.0
3,200,10,22.0
3,200,11,24.0
3,200,12,26.0
3,201,1,9.0
3,201,2,10.0
3,201,3,11.0
3,201,4,14.0
3,201,5,12.0
3,201,6,11.0
3,201,7,10.0
3,201,8,13.0
3,201,9,10.0
3,201,10,11.0
3,201,11,12.0
3,201,12,13.0
3,202,1,18.9
3,202,2,21.0
3,202,3,23.1
3,202,4,29.4
3,202,5,25.2
3,202,6,23.1
3,202,7,21.0
3,202,8,27.3
3,202,9,21.0
3,202,10,23.1
3,202,11,25.2
3,202,12,27.3
3,203,1,8.1
3,203,2,9.0
3,203,3,9.9
3,203,4,12.6
3,203,5,10.8
3,203,6,9.9
3,203,7,9.0
3,203,8,11.7
3,203,9,9.0
3,203,10,9.9
3,203,11,10.8
3,203,12,11.7
3,204,1,8.1
3,204,2,9.0
3,204,3,9.9
3,204,4,12.6
3,204,5,10.8
3,204,6,9.9
3,204,7,9.0
3,204,8,11.7
3,204,9,9.0
3,204,10,9.9
3,204,11,10.8
3,204,12,11.7
3,205,1,9.0
3,205,2,10.0
3,205,3,11.0
3,205,4,14.0
3,205,5,12.0
3,205,6,11.0
3,205,7,10.0
3,205,8,13.0
3,205,9,10.0
3,205,10,11.0
3,205,11,12.0
3,205,12,13.0
3,206,1,6.3
3,206,2,7.0
3,206,3,7.7
3,206,4,9.8
3,206,5,8.4
3,206,6,7.7
3,206,7,7.0
3,206,8,9.1
3,206,9,7.0
3,206,10,7.7
3,206,11,8.4
3,206,12,9.1
3,207,1,8.1
3,207,2,9.0
3,207,3,9.9
3,207,4,12.6
3,207,5,10.8
3,207,6,9.9
3,207,7,9.0
3,207,8,11.7
3,207,9,9.0
3,207,10,9.9
3,207,11,10.8
3,207,12,11.7
3,208,1,8.1
3,208,2,9.0
3,208,3,9.9
3,208,4,12.6
3,208,5,10.8
3,208,6,9.9
3,208,7,9.0
3,208,8,11.7
3,208,9,9.0
3,208,10,9.9
3,208,11,10.8
3,208,12,11.7
3,209,1,12.6
3,209,2,14.0
3,209,3,15.4
3,209,4,19.6
3,209,5,16.8
3,209,6,15.4
3,209,7,14.0
3,209,8,18.2
3,209,9,14.0
3,209,10,15.4
3,209,11,16.8
3,209,12,18.2
