warehouse,client,cost
1,1,2
1,2,3
1,3,4
1,4,4
1,5,5
1,6,4
1,7,4
1,8,4
1,9,2
1,10,4
1,11,4
1,12,5
1,13,4
1,14,4
1,15,3
1,16,5
1,17,5
1,18,5
1,19,5
1,20,5
1,21,5
1,22,2
1,23,4
1,24,5
1,25,4
1,26,4
1,27,2
1,28,5
1,29,3
1,30,2
1,31,3
1,32,4
1,33,4
1,34,2
1,35,2
1,36,3
1,37,5
1,38,3
1,39,2
1,40,3
1,41,2
1,42,3
1,43,2
1,44,2
1,45,2
1,46,5
1,47,3
1,48,3
1,49,3
1,50,2
1,51,3
1,52,3
1,53,2
1,54,4
1,55,2
1,56,3
1,57,2
1,58,4
1,59,2
1,60,3
1,61,4
1,62,5
1,63,3
1,64,4
1,65,4
1,66,5
1,67,2
1,68,2
1,69,3
1,70,5
1,71,2
1,72,5
1,73,2
1,74,4
1,75,2
1,76,5
1,77,4
1,78,4
1,79,4
1,80,5
1,81,3
1,82,3
1,83,3
1,84,5
1,85,4
1,86,3
1,87,5
1,88,3
1,89,2
1,90,3
1,91,3
1,92,4
1,93,5
1,94,4
1,95,4
1,96,4
1,97,4
1,98,4
1,99,3
1,100,4
1,101,4
1,102,5
1,103,2
1,104,3
1,105,3
1,106,3
1,107,4
1,108,4
1,109,4
1,110,5
1,111,2
1,112,4
1,113,2
1,114,5
1,115,3
1,116,4
1,117,2
1,118,2
1,119,4
1,120,3
1,121,3
1,122,3
1,123,5
1,124,2
1,125,2
1,126,2
1,127,5
1,128,2
1,129,5
1,130,3
1,131,4
1,132,2
1,133,2
1,134,3
1,135,4
1,136,5
1,137,4
1,138,3
1,139,3
1,140,4
1,141,5
1,142,5
1,143,2
1,144,5
1,145,4
1,146,3
1,147,2
1,148,2
1,149,3
1,150,5
1,151,3
1,152,5
1,153,3
1,154,4
1,155,5
1,156,4
1,157,2
1,158,3
1,159,2
1,160,2
1,161,2
1,162,2
1,163,3
1,164,2
1,165,3
1,166,3
1,167,4
1,168,5
1,169,5
1,170,3
1,171,4
1,172,3
1,173,3
1,174,3
1,175,4
1,176,5
1,177,4
1,178,2
1,179,4
1,180,4
1,181,4
1,182,4
1,183,5
1,184,2
1,185,5
1,186,5
1,187,4
1,188,3
1,189,3
1,190,5
1,191,5
1,192,4
1,193,5
1,194,4
1,195,3
1,196,3
1,197,2
1,198,3
1,199,5
1,200,3
1,201,4
1,202,3
1,203,2
1,204,3
1,205,4
1,206,4
1,207,5
1,208,3
1,209,4
2,1,2
2,2,5
2,3,2
2,4,3
2,5,3
2,6,3
2,7,5
2,8,4
2,9,5
2,10,2
2,11,5
2,12,2
2,13,5
2,14,4
2,15,2
2,16,3
2,17,3
2,18,5
2,19,3
2,20,2
2,21,3
2,22,4
2,23,4
2,24,5
2,25,2
2,26,4
2,27,4
2,28,2
2,29,3
2,30,3
2,31,5
2,32,3
2,33,2
2,34,4
2,35,3
2,36,5
2,37,3
2,38,2
2,39,5
2,40,3
2,41,5
2,42,2
2,43,4
2,44,2
2,45,2
2,46,2
2,47,2
2,48,4
2,49,4
2,50,5
2,51,3
2,52,4
2,53,4
2,54,3
2,55,4
2,56,2
2,57,2
2,58,3
2,59,5
2,60,5
2,61,3
2,62,3
2,63,2
2,64,5
2,65,4
2,66,2
2,67,3
2,68,5
2,69,4
2,70,4
2,71,2
2,72,5
2,73,5
2,74,3
2,75,5
2,76,5
2,77,2
2,78,5
2,79,4
2,80,2
2,81,2
2,82,3
2,83,5
2,84,3
2,85,4
2,86,2
2,87,2
2,88,2
2,89,4
2,90,4
2,91,3
2,92,3
2,93,3
2,94,5
2,95,2
2,96,2
2,97,3
2,98,2
2,99,3
2,100,5
2,101,5
2,102,4
2,103,5
2,104,3
2,105,5
2,106,4
2,107,2
2,108,3
2,109,2
2,110,4
2,111,4
2,112,4
2,113,2
2,114,2
2,115,2
2,116,2
2,117,4
2,118,4
2,119,3
2,120,3
2,121,2
2,122,5
2,123,5
2,124,4
2,125,4
2,126,4
2,127,3
2,128,3
2,129,4
2,130,4
2,131,4
2,132,5
2,133,3
2,134,5
2,135,5
2,136,4
2,137,4
2,138,2
2,139,2
2,140,5
2,141,3
2,142,4
2,143,4
2,144,5
2,145,2
2,146,3
2,147,2
2,148,2
2,149,2
2,150,2
2,151,4
2,152,4
2,153,2
2,154,3
2,155,5
2,156,3
2,157,3
2,158,3
2,159,2
2,160,4
2,161,3
2,162,2
2,163,3
2,164,3
2,165,2
2,166,4
2,167,4
2,168,5
2,169,2
2,170,5
2,171,5
2,172,5
2,173,4
2,174,2
2,175,5
2,176,2
2,177,2
2,178,4
2,179,5
2,180,5
2,181,2
2,182,3
2,183,4
2,184,4
2,185,4
2,186,4
2,187,5
2,188,5
2,189,3
2,190,4
2,191,4
2,192,2
2,193,5
2,194,4
2,195,3
2,196,3
2,197,5
2,198,3
2,199,3
2,200,5
2,201,4
2,202,4
2,203,3
2,204,3
2,205,4
2,206,5
2,207,3
2,208,2
2,209,5
3,1,3
3,2,3
3,3,2
3,4,2
3,5,4
3,6,5
3,7,5
3,8,4
3,9,5
3,10,5
3,11,5
3,12,5
3,13,5
3,14,2
3,15,5
3,16,2
3,17,5
3,18,4
3,19,3
3,20,2
3,21,5
3,22,4
3,23,3
3,24,2
3,25,3
3,26,4
3,27,2
3,28,3
3,29,5
3,30,2
3,31,3
3,32,4
3,33,4
3,34,2
3,35,3
3,36,2
3,37,2
3,38,3
3,39,3
3,40,5
3,41,3
3,42,4
3,43,2
3,44,2
3,45,4
3,46,3
3,47,4
3,48,4
3,49,5
3,50,4
3,51,2
3,52,4
3,53,2
3,54,2
3,55,2
3,56,3
3,57,5
3,58,2
3,59,2
3,60,3
3,61,2
3,62,4
3,63,4
3,64,5
3,65,2
3,66,3
3,67,4
3,68,3
3,69,3
3,70,4
3,71,3
3,72,4
3,73,3
3,74,4
3,75,2
3,76,5
3,77,4
3,78,4
3,79,5
3,80,4
3,81,4
3,82,3
3,83,5
3,84,2
3,85,4
3,86,5
3,87,3
3,88,2
3,89,5
3,90,2
3,91,2
3,92,2
3,93,4
3,94,4
3,95,3
3,96,3
3,97,5
3,98,3
3,99,2
3,100,2
3,101,4
3,102,2
3,103,5
3,104,2
3,105,2
3,106,5
3,107,3
3,108,3
3,109,5
3,110,4
3,111,2
3,112,5
3,113,2
3,114,4
3,115,2
3,116,5
3,117,2
3,118,3
3,119,4
3,120,4
3,121,4
3,122,5
3,123,4
3,124,3
3,125,5
3,126,3
3,127,2
3,128,2
3,129,2
3,130,2
3,131,3
3,132,5
3,133,5
3,134,4
3,135,3
3,136,2
3,137,3
3,138,4
3,139,4
3,140,3
3,141,3
3,142,3
3,143,5
3,144,2
3,145,3
3,146,3
3,147,3
3,148,4
3,149,4
3,150,5
3,151,2
3,152,5
3,153,2
3,154,4
3,155,4
3,156,4
3,157,5
3,158,3
3,159,3
3,160,4
3,161,3
3,162,3
3,163,5
3,164,2
3,165,4
3,166,4
3,167,5
3,168,5
3,169,3
3,170,4
3,171,2
3,172,5
3,173,2
3,174,2
3,175,4
3,176,4
3,177,5
3,178,4
3,179,4
3,180,4
3,181,2
3,182,5
3,183,3
3,184,2
3,185,4
3,186,2
3,187,4
3,188,4
3,189,2
3,190,5
3,191,4
3,192,5
3,193,3
3,194,4
3,195,5
3,196,5
3,197,3
3,198,5
3,199,5
3,200,3
3,201,4
3,202,5
3,203,5
3,204,5
3,205,2
3,206,3
3,207,2
3,208,3
3,209,4
4,1,4
4,2,5
4,3,3
4,4,4
4,5,3
4,6,4
4,7,2
4,8,4
4,9,2
4,10,4
4,11,5
4,12,2
4,13,4
4,14,5
4,15,2
4,16,5
4,17,3
4,18,3
4,19,2
4,20,4
4,21,2
4,22,5
4,23,4
4,24,3
4,25,4
4,26,3
4,27,4
4,28,4
4,29,4
4,30,5
4,31,5
4,32,2
4,33,2
4,34,3
4,35,5
4,36,3
4,37,2
4,38,3
4,39,2
4,40,5
4,41,4
4,42,5
4,43,3
4,44,3
4,45,5
4,46,5
4,47,2
4,48,3
4,49,3
4,50,5
4,51,4
4,52,3
4,53,4
4,54,5
4,55,5
4,56,2
4,57,3
4,58,4
4,59,2
4,60,3
4,61,2
4,62,5
4,63,3
4,64,2
4,65,2
4,66,4
4,67,2
4,68,3
4,69,3
4,70,4
4,71,3
4,72,5
4,73,3
4,74,3
4,75,2
4,76,2
4,77,3
4,78,4
4,79,2
4,80,4
4,81,3
4,82,3
4,83,5
4,84,2
4,85,3
4,86,5
4,87,2
4,88,3
4,89,3
4,90,2
4,91,2
4,92,2
4,93,3
4,94,3
4,95,5
4,96,4
4,97,2
4,98,3
4,99,3
4,100,2
4,101,4
4,102,2
4,103,4
4,104,3
4,105,4
4,106,5
4,107,3
4,108,5
4,109,2
4,110,2
4,111,2
4,112,4
4,113,3
4,114,2
4,115,2
4,116,3
4,117,2
4,118,5
4,119,3
4,120,3
4,121,3
4,122,5
4,123,3
4,124,5
4,125,3
4,126,4
4,127,2
4,128,4
4,129,2
4,130,5
4,131,4
4,132,3
4,133,2
4,134,2
4,135,4
4,136,5
4,137,4
4,138,5
4,139,5
4,140,2
4,141,4
4,142,4
4,143,5
4,144,4
4,145,3
4,146,3
4,147,4
4,148,4
4,149,5
4,150,3
4,151,3
4,152,2
4,153,5
4,154,2
4,155,3
4,156,5
4,157,4
4,158,5
4,159,4
4,160,4
4,161,5
4,162,4
4,163,2
4,164,3
4,165,4
4,166,2
4,167,4
4,168,3
4,169,2
4,170,3
4,171,3
4,172,2
4,173,2
4,174,2
4,175,5
4,176,2
4,177,2
4,178,2
4,179,2
4,180,4
4,181,5
4,182,3
4,183,2
4,184,4
4,185,4
4,186,4
4,187,3
4,188,2
4,189,5
4,190,5
4,191,4
4,192,3
4,193,3
4,194,3
4,195,5
4,196,4
4,197,2
4,198,5
4,199,4
4,200,4
4,201,2
4,202,2
4,203,2
4,204,3
4,205,2
4,206,4
4,207,2
4,208,4
4,209,5
5,1,3
5,2,5
5,3,5
5,4,4
5,5,5
5,6,4
5,7,2
5,8,2
5,9,4
5,10,2
5,11,3
5,12,5
5,13,3
5,14,5
5,15,2
5,16,3
5,17,2
5,18,5
5,19,4
5,20,4
5,21,3
5,22,2
5,23,2
5,24,3
5,25,4
5,26,5
5,27,3
5,28,5
5,29,4
5,30,2
5,31,4
5,32,3
5,33,2
5,34,3
5,35,3
5,36,4
5,37,3
5,38,4
5,39,2
5,40,4
5,41,2
5,42,4
5,43,5
5,44,5
5,45,3
5,46,4
5,47,4
5,48,2
5,49,3
5,50,4
5,51,3
5,52,5
5,53,4
5,54,4
5,55,3
5,56,4
5,57,3
5,58,4
5,59,2
5,60,3
5,61,4
5,62,5
5,63,4
5,64,5
5,65,5
5,66,2
5,67,3
5,68,4
5,69,2
5,70,4
5,71,5
5,72,3
5,73,4
5,74,4
5,75,5
5,76,4
5,77,4
5,78,5
5,79,2
5,80,5
5,81,2
5,82,3
5,83,2
5,84,2
5,85,3
5,86,2
5,87,5
5,88,2
5,89,3
5,90,5
5,91,3
5,92,3
5,93,4
5,94,4
5,95,3
5,96,3
5,97,3
5,98,4
5,99,4
5,100,2
5,101,2
5,102,3
5,103,5
5,104,5
5,105,4
5,106,4
5,107,4
5,108,3
5,109,5
5,110,2
5,111,3
5,112,2
5,113,2
5,114,3
5,115,2
5,116,5
5,117,2
5,118,5
5,119,5
5,120,5
5,121,4
5,122,2
5,123,3
5,124,3
5,125,2
5,126,4
5,127,4
5,128,5
5,129,2
5,130,2
5,131,3
5,132,2
5,133,4
5,134,2
5,135,3
5,136,5
5,137,3
5,138,3
5,139,5
5,140,3
5,141,3
5,142,2
5,143,2
5,144,5
5,145,2
5,146,2
5,147,3
5,148,4
5,149,2
5,150,4
5,151,2
5,152,2
5,153,5
5,154,5
5,155,5
5,156,4
5,157,3
5,158,2
5,159,2
5,160,2
5,161,4
5,162,5
5,163,3
5,164,4
5,165,5
5,166,4
5,167,3
5,168,5
5,169,4
5,170,3
5,171,2
5,172,3
5,173,2
5,174,4
5,175,5
5,176,5
5,177,4
5,178,5
5,179,5
5,180,2
5,181,4
5,182,3
5,183,2
5,184,4
5,185,2
5,186,3
5,187,3
5,188,4
5,189,3
5,190,2
5,191,3
5,192,2
5,193,2
5,194,3
5,195,4
5,196,5
5,197,3
5,198,2
5,199,2
5,200,3
5,201,4
5,202,4
5,203,2
5,204,2
5,205,4
5,206,5
5,207,3
5,208,2
5,209,2
6,1,4
6,2,3
6,3,4
6,4,3
6,5,3
6,6,3
6,7,2
6,8,5
6,9,4
6,10,5
6,11,4
6,12,3
6,13,2
6,14,5
6,15,2
6,16,4
6,17,2
6,18,2
6,19,5
6,20,3
6,21,2
6,22,3
6,23,4
6,24,2
6,25,5
6,26,4
6,27,4
6,28,5
6,29,2
6,30,2
6,31,4
6,32,2
6,33,3
6,34,5
6,35,3
6,36,2
6,37,4
6,38,5
6,39,2
6,40,2
6,41,4
6,42,4
6,43,3
6,44,5
6,45,5
6,46,4
6,47,3
6,48,5
6,49,4
6,50,2
6,51,5
6,52,3
6,53,3
6,54,3
6,55,2
6,56,5
6,57,5
6,58,2
6,59,5
6,60,2
6,61,2
6,62,2
6,63,3
6,64,5
6,65,2
6,66,5
6,67,3
6,68,2
6,69,4
6,70,3
6,71,4
6,72,5
6,73,5
6,74,3
6,75,5
6,76,4
6,77,2
6,78,2
6,79,2
6,80,3
6,81,5
6,82,4
6,83,5
6,84,5
6,85,5
6,86,2
6,87,4
6,88,4
6,89,5
6,90,2
6,91,2
6,92,4
6,93,2
6,94,2
6,95,2
6,96,3
6,97,5
6,98,4
6,99,4
6,100,3
6,101,5
6,102,4
6,103,2
6,104,4
6,105,2
6,106,3
6,107,2
6,108,4
6,109,4
6,110,4
6,111,3
6,112,3
6,113,5
6,114,4
6,115,2
6,116,3
6,117,4
6,118,4
6,119,3
6,120,5
6,121,3
6,122,3
6,123,2
6,124,2
6,125,5
6,126,4
6,127,3
6,128,5
6,129,2
6,130,3
6,131,4
6,132,2
6,133,2
6,134,2
6,135,5
6,136,4
6,137,3
6,138,5
6,139,5
6,140,5
6,141,2
6,142,4
6,143,5
6,144,3
6,145,4
6,146,3
6,147,4
6,148,3
6,149,2
6,150,5
6,151,3
6,152,4
6,153,5
6,154,5
6,155,4
6,156,3
6,157,2
6,158,2
6,159,3
6,160,5
6,161,5
6,162,5
6,163,5
6,164,3
6,165,5
6,166,4
6,167,5
6,168,2
6,169,5
6,170,3
6,171,2
6,172,3
6,173,3
6,174,2
6,175,3
6,176,3
6,177,5
6,178,4
6,179,3
6,180,3
6,181,3
6,182,5
6,183,4
6,184,2
6,185,5
6,186,5
6,187,4
6,188,4
6,189,5
6,190,2
6,191,5
6,192,4
6,193,2
6,194,4
6,195,2
6,196,3
6,197,4
6,198,4
6,199,5
6,200,4
6,201,4
6,202,3
6,203,4
6,204,3
6,205,3
6,206,3
6,207,3
6,208,2
6,209,5
7,1,2
7,2,4
7,3,2
7,4,2
7,5,4
7,6,4
7,7,4
7,8,2
7,9,2
7,10,4
7,11,5
7,12,5
7,13,3
7,14,4
7,15,3
7,16,5
7,17,3
7,18,4
7,19,4
7,20,4
7,21,2
7,22,3
7,23,5
7,24,5
7,25,5
7,26,2
7,27,2
7,28,4
7,29,5
7,30,2
7,31,4
7,32,5
7,33,3
7,34,4
7,35,2
7,36,2
7,37,4
7,38,4
7,39,2
7,40,3
7,41,5
7,42,3
7,43,4
7,44,3
7,45,2
7,46,4
7,47,5
7,48,2
7,49,2
7,50,5
7,51,5
7,52,3
7,53,4
7,54,5
7,55,5
7,56,4
7,57,5
7,58,5
7,59,3
7,60,2
7,61,2
7,62,2
7,63,2
7,64,5
7,65,4
7,66,4
7,67,3
7,68,3
7,69,5
7,70,4
7,71,4
7,72,2
7,73,5
7,74,5
7,75,2
7,76,5
7,77,5
7,78,3
7,79,4
7,80,5
7,81,3
7,82,4
7,83,2
7,84,3
7,85,3
7,86,4
7,87,2
7,88,3
7,89,5
7,90,5
7,91,5
7,92,2
7,93,3
7,94,5
7,95,2
7,96,5
7,97,4
7,98,3
7,99,3
7,100,2
7,101,2
7,102,3
7,103,5
7,104,5
7,105,4
7,106,5
7,107,2
7,108,2
7,109,5
7,110,2
7,111,3
7,112,3
7,113,5
7,114,3
7,115,3
7,116,4
7,117,4
7,118,3
7,119,5
7,120,4
7,121,2
7,122,2
7,123,2
7,124,5
7,125,3
7,126,2
7,127,5
7,128,4
7,129,3
7,130,4
7,131,5
7,132,2
7,133,2
7,134,5
7,135,2
7,136,3
7,137,5
7,138,4
7,139,5
7,140,3
7,141,3
7,142,5
7,143,5
7,144,2
7,145,3
7,146,5
7,147,5
7,148,3
7,149,5
7,150,2
7,151,3
7,152,2
7,153,2
7,154,2
7,155,2
7,156,3
7,157,2
7,158,2
7,159,5
7,160,3
7,161,3
7,162,4
7,163,3
7,164,3
7,165,4
7,166,3
7,167,3
7,168,3
7,169,3
7,170,4
7,171,3
7,172,3
7,173,4
7,174,5
7,175,2
7,176,5
7,177,4
7,178,2
7,179,4
7,180,4
7,181,3
7,182,2
7,183,3
7,184,2
7,185,4
7,186,4
7,187,5
7,188,2
7,189,3
7,190,5
7,191,5
7,192,5
7,193,3
7,194,5
7,195,3
7,196,5
7,197,3
7,198,4
7,199,4
7,200,4
7,201,4
7,202,4
7,203,5
7,204,5
7,205,5
7,206,3
7,207,3
7,208,3
7,209,3
8,1,4
8,2,4
8,3,4
8,4,2
8,5,5
8,6,3
8,7,3
8,8,4
8,9,3
8,10,3
8,11,5
8,12,4
8,13,5
8,14,2
8,15,2
8,16,2
8,17,4
8,18,3
8,19,4
8,20,4
8,21,3
8,22,5
8,23,2
8,24,5
8,25,2
8,26,4
8,27,2
8,28,4
8,29,5
8,30,4
8,31,5
8,32,3
8,33,3
8,34,3
8,35,4
8,36,3
8,37,2
8,38,5
8,39,5
8,40,2
8,41,4
8,42,4
8,43,5
8,44,3
8,45,4
8,46,4
8,47,2
8,48,2
8,49,3
8,50,4
8,51,4
8,52,2
8,53,4
8,54,5
8,55,2
8,56,3
8,57,2
8,58,4
8,59,3
8,60,2
8,61,5
8,62,5
8,63,2
8,64,5
8,65,5
8,66,5
8,67,3
8,68,5
8,69,5
8,70,5
8,71,3
8,72,2
8,73,4
8,74,5
8,75,2
8,76,5
8,77,3
8,78,2
8,79,3
8,80,5
8,81,5
8,82,3
8,83,4
8,84,3
8,85,5
8,86,3
8,87,4
8,88,3
8,89,4
8,90,4
8,91,3
8,92,3
8,93,2
8,94,5
8,95,4
8,96,2
8,97,3
8,98,5
8,99,2
8,100,4
8,101,2
8,102,4
8,103,3
8,104,5
8,105,5
8,106,5
8,107,3
8,108,4
8,109,3
8,110,5
8,111,3
8,112,3
8,113,3
8,114,4
8,115,2
8,116,2
8,117,3
8,118,2
8,119,2
8,120,3
8,121,3
8,122,5
8,123,2
8,124,4
8,125,3
8,126,5
8,127,4
8,128,2
8,129,5
8,130,3
8,131,4
8,132,3
8,133,2
8,134,4
8,135,2
8,136,2
8,137,5
8,138,3
8,139,4
8,140,2
8,141,2
8,142,4
8,143,2
8,144,5
8,145,5
8,146,5
8,147,5
8,148,2
8,149,4
8,150,4
8,151,4
8,152,4
8,153,3
8,154,4
8,155,3
8,156,3
8,157,5
8,158,3
8,159,2
8,160,3
8,161,5
8,162,3
8,163,2
8,164,2
8,165,2
8,166,5
8,167,5
8,168,4
8,169,5
8,170,2
8,171,2
8,172,5
8,173,3
8,174,5
8,175,5
8,176,2
8,177,4
8,178,2
8,179,4
8,180,2
8,181,5
8,182,2
8,183,2
8,184,2
8,185,5
8,186,5
8,187,5
8,188,5
8,189,4
8,190,4
8,191,3
8,192,5
8,193,4
8,194,2
8,195,5
8,196,3
8,197,3
8,198,3
8,199,2
8,200,4
8,201,2
8,202,5
8,203,3
8,204,2
8,205,2
8,206,4
8,207,4
8,208,3
8,209,2
9,1,2
9,2,4
9,3,2
9,4,2
9,5,2
9,6,4
9,7,3
9,8,5
9,9,3
9,10,5
9,11,2
9,12,3
9,13,5
9,14,4
9,15,4
9,16,3
9,17,3
9,18,2
9,19,3
9,20,2
9,21,2
9,22,4
9,23,4
9,24,5
9,25,4
9,26,4
9,27,3
9,28,4
9,29,5
9,30,3
9,31,5
9,32,4
9,33,5
9,34,3
9,35,2
9,36,5
9,37,5
9,38,3
9,39,3
9,40,5
9,41,4
9,42,5
9,43,3
9,44,2
9,45,2
9,46,4
9,47,5
9,48,2
9,49,5
9,50,3
9,51,2
9,52,4
9,53,3
9,54,4
9,55,3
9,56,2
9,57,4
9,58,4
9,59,3
9,60,4
9,61,3
9,62,3
9,63,3
9,64,3
9,65,2
9,66,3
9,67,5
9,68,4
9,69,5
9,70,2
9,71,5
9,72,4
9,73,5
9,74,2
9,75,3
9,76,5
9,77,2
9,78,2
9,79,4
9,80,4
9,81,5
9,82,3
9,83,2
9,84,5
9,85,2
9,86,2
9,87,3
9,88,3
9,89,5
9,90,3
9,91,3
9,92,5
9,93,3
9,94,4
9,95,2
9,96,2
9,97,2
9,98,2
9,99,5
9,100,2
9,101,2
9,102,2
9,103,2
9,104,4
9,105,2
9,106,4
9,107,5
9,108,3
9,109,2
9,110,3
9,111,3
9,112,5
9,113,3
9,114,4
9,115,3
9,116,3
9,117,3
9,118,2
9,119,2
9,120,4
9,121,4
9,122,2
9,123,4
9,124,2
9,125,5
9,126,3
9,127,3
9,128,4
9,129,2
9,130,2
9,131,4
9,132,2
9,133,5
9,134,3
9,135,4
9,136,4
9,137,2
9,138,4
9,139,5
9,140,2
9,141,2
9,142,2
9,143,2
9,144,5
9,145,2
9,146,4
9,147,5
9,148,3
9,149,3
9,150,4
9,151,4
9,152,5
9,153,3
9,154,3
9,155,3
9,156,3
9,157,3
9,158,2
9,159,4
9,160,2
9,161,3
9,162,5
9,163,5
9,164,3
9,165,3
9,166,5
9,167,2
9,168,2
9,169,3
9,170,2
9,171,5
9,172,2
9,173,3
9,174,5
9,175,2
9,176,4
9,177,5
9,178,5
9,179,4
9,180,4
9,181,5
9,182,4
9,183,3
9,184,3
9,185,3
9,186,5
9,187,4
9,188,4
9,189,2
9,190,2
9,191,4
9,192,4
9,193,4
9,194,5
9,195,4
9,196,2
9,197,5
9,198,4
9,199,2
9,200,5
9,201,4
9,202,4
9,203,4
9,204,5
9,205,2
9,206,2
9,207,3
9,208,4
9,209,3
10,1,3
10,2,2
10,3,5
10,4,5
10,5,2
10,6,5
10,7,3
10,8,4
10,9,2
10,10,4
10,11,5
10,12,4
10,13,5
10,14,5
10,15,3
10,16,5
10,17,3
10,18,3
10,19,3
10,20,2
10,21,2
10,22,5
10,23,3
10,24,2
10,25,3
10,26,4
10,27,4
10,28,4
10,29,5
10,30,3
10,31,4
10,32,2
10,33,4
10,34,4
10,35,4
10,36,5
10,37,2
10,38,3
10,39,2
10,40,3
10,41,5
10,42,5
10,43,5
10,44,5
10,45,3
10,46,4
10,47,3
10,48,2
10,49,5
10,50,5
10,51,2
10,52,3
10,53,4
10,54,4
10,55,2
10,56,4
10,57,3
10,58,3
10,59,2
10,60,3
10,61,5
10,62,2
10,63,3
10,64,2
10,65,4
10,66,3
10,67,5
10,68,3
10,69,2
10,70,2
10,71,3
10,72,5
10,73,5
10,74,5
10,75,2
10,76,3
10,77,4
10,78,2
10,79,5
10,80,3
10,81,5
10,82,4
10,83,5
10,84,5
10,85,4
10,86,3
10,87,2
10,88,3
10,89,4
10,90,5
10,91,3
10,92,2
10,93,4
10,94,3
10,95,2
10,96,4
10,97,2
10,98,4
10,99,5
10,100,3
10,101,2
10,102,4
10,103,2
10,104,2
10,105,3
10,106,5
10,107,2
10,108,4
10,109,4
10,110,5
10,111,4
10,112,5
10,113,4
10,114,3
10,115,2
10,116,3
10,117,2
10,118,2
10,119,2
10,120,3
10,121,2
10,122,3
10,123,5
10,124,4
10,125,4
10,126,2
10,127,3
10,128,4
10,129,3
10,130,3
10,131,2
10,132,4
10,133,2
10,134,2
10,135,4
10,136,4
10,137,5
10,138,5
10,139,3
10,140,4
10,141,5
10,142,3
10,143,3
10,144,3
10,145,5
10,146,4
10,147,2
10,148,3
10,149,5
10,150,5
10,151,2
10,152,2
10,153,5
10,154,4
10,155,2
10,156,5
10,157,2
10,158,4
10,159,3
10,160,2
10,161,4
10,162,5
10,163,2
10,164,2
10,165,5
10,166,3
10,167,5
10,168,2
10,169,5
10,170,4
10,171,5
10,172,2
10,173,5
10,174,3
10,175,5
10,176,3
10,177,4
10,178,3
10,179,5
10,180,2
10,181,3
10,182,4
10,183,3
10,184,3
10,185,3
10,186,4
10,187,5
10,188,3
10,189,3
10,190,2
10,191,4
10,192,3
10,193,4
10,194,3
10,195,5
10,196,5
10,197,3
10,198,5
10,199,3
10,200,5
10,201,2
10,202,2
10,203,2
10,204,4
10,205,4
10,206,2
10,207,4
10,208,5
10,209,3
11,1,3
11,2,3
11,3,2
11,4,4
11,5,5
11,6,5
11,7,2
11,8,5
11,9,5
11,10,5
11,11,5
11,12,4
11,13,5
11,14,3
11,15,2
11,16,4
11,17,5
11,18,4
11,19,5
11,20,3
11,21,2
11,22,5
11,23,5
11,24,5
11,25,5
11,26,2
11,27,2
11,28,3
11,29,2
11,30,5
11,31,3
11,32,3
11,33,3
11,34,5
11,35,4
11,36,5
11,37,2
11,38,2
11,39,5
11,40,5
11,41,3
11,42,5
11,43,3
11,44,2
11,45,3
11,46,5
11,47,2
11,48,4
11,49,3
11,50,2
11,51,3
11,52,2
11,53,2
11,54,3
11,55,4
11,56,2
11,57,2
11,58,2
11,59,4
11,60,4
11,61,5
11,62,3
11,63,4
11,64,3
11,65,5
11,66,3
11,67,4
11,68,3
11,69,4
11,70,3
11,71,4
11,72,4
11,73,3
11,74,5
11,75,2
11,76,5
11,77,3
11,78,5
11,79,4
11,80,2
11,81,3
11,82,3
11,83,3
11,84,2
11,85,4
11,86,3
11,87,5
11,88,3
11,89,3
11,90,3
11,91,3
11,92,4
11,93,5
11,94,4
11,95,5
11,96,3
11,97,2
11,98,4
11,99,2
11,100,4
11,101,3
11,102,4
11,103,3
11,104,4
11,105,3
11,106,3
11,107,5
11,108,3
11,109,5
11,110,3
11,111,2
11,112,3
11,113,2
11,114,2
11,115,3
11,116,2
11,117,5
11,118,4
11,119,3
11,120,2
11,121,3
11,122,5
11,123,3
11,124,3
11,125,2
11,126,5
11,127,4
11,128,4
11,129,2
11,130,3
11,131,2
11,132,2
11,133,2
11,134,3
11,135,5
11,136,2
11,137,3
11,138,5
11,139,2
11,140,4
11,141,5
11,142,2
11,143,5
11,144,5
11,145,5
11,146,5
11,147,5
11,148,5
11,149,2
11,150,4
11,151,3
11,152,5
11,153,3
11,154,2
11,155,5
11,156,4
11,157,3
11,158,5
11,159,2
11,160,4
11,161,3
11,162,3
11,163,5
11,164,4
11,165,4
11,166,4
11,167,4
11,168,2
11,169,4
11,170,3
11,171,3
11,172,2
11,173,3
11,174,3
11,175,4
11,176,3
11,177,2
11,178,4
11,179,5
11,180,4
11,181,2
11,182,4
11,183,4
11,184,2
11,185,4
11,186,2
11,187,2
11,188,5
11,189,3
11,190,3
11,191,4
11,192,4
11,193,5
11,194,5
11,195,5
11,196,2
11,197,5
11,198,5
11,199,4
11,200,5
11,201,2
11,202,2
11,203,4
11,204,5
11,205,5
11,206,2
11,207,5
11,208,5
11,209,5
12,1,3
12,2,4
12,3,3
12,4,4
12,5,2
12,6,5
12,7,4
12,8,3
12,9,5
12,10,2
12,11,4
12,12,4
12,13,4
12,14,5
12,15,3
12,16,3
12,17,4
12,18,2
12,19,2
12,20,3
12,21,2
12,22,3
12,23,4
12,24,3
12,25,3
12,26,4
12,27,2
12,28,3
12,29,3
12,30,4
12,31,2
12,32,3
12,33,4
12,34,3
12,35,5
12,36,4
12,37,2
12,38,2
12,39,2
12,40,2
12,41,3
12,42,3
12,43,2
12,44,2
12,45,2
12,46,3
12,47,2
12,48,2
12,49,5
12,50,5
12,51,2
12,52,4
12,53,2
12,54,5
12,55,4
12,56,4
12,57,2
12,58,5
12,59,5
12,60,4
12,61,2
12,62,3
12,63,3
12,64,5
12,65,3
12,66,5
12,67,5
12,68,5
12,69,3
12,70,5
12,71,4
12,72,2
12,73,2
12,74,5
12,75,2
12,76,3
12,77,3
12,78,2
12,79,3
12,80,2
12,81,2
12,82,2
12,83,5
12,84,2
12,85,5
12,86,2
12,87,2
12,88,2
12,89,3
12,90,5
12,91,5
12,92,2
12,93,2
12,94,3
12,95,3
12,96,3
12,97,5
12,98,5
12,99,5
12,100,2
12,101,5
12,102,4
12,103,4
12,104,3
12,105,5
12,106,4
12,107,3
12,108,5
12,109,2
12,110,4
12,111,2
12,112,5
12,113,4
12,114,5
12,115,2
12,116,4
12,117,2
12,118,5
12,119,5
12,120,2
12,121,4
12,122,2
12,123,5
12,124,2
12,125,5
12,126,2
12,127,4
12,128,4
12,129,2
12,130,2
12,131,4
12,132,5
12,133,4
12,134,5
12,135,2
12,136,2
12,137,5
12,138,2
12,139,5
12,140,3
12,141,4
12,142,3
12,143,5
12,144,4
12,145,5
12,146,4
12,147,4
12,148,4
12,149,4
12,150,5
12,151,4
12,152,4
12,153,3
12,154,2
12,155,2
12,156,3
12,157,3
12,158,5
12,159,5
12,160,5
12,161,3
12,162,3
12,163,4
12,164,5
12,165,5
12,166,5
12,167,2
12,168,4
12,169,5
12,170,5
12,171,5
12,172,2
12,173,2
12,174,3
12,175,4
12,176,3
12,177,4
12,178,2
12,179,5
12,180,3
12,181,5
12,182,3
12,183,2
12,184,2
12,185,2
12,186,3
12,187,4
12,188,3
12,189,4
12,190,3
12,191,3
12,192,2
12,193,5
12,194,5
12,195,4
12,196,5
12,197,3
12,198,3
12,199,2
12,200,2
12,201,5
12,202,4
12,203,5
12,204,5
12,205,5
12,206,5
12,207,3
12,208,4
12,209,3
13,1,4
13,2,2
13,3,5
13,4,3
13,5,4
13,6,2
13,7,2
13,8,5
13,9,4
13,10,3
13,11,5
13,12,3
13,13,2
13,14,3
13,15,3
13,16,5
13,17,3
13,18,5
13,19,2
13,20,5
13,21,5
13,22,4
13,23,3
13,24,2
13,25,5
13,26,2
13,27,4
13,28,3
13,29,5
13,30,3
13,31,4
13,32,4
13,33,2
13,34,5
13,35,2
13,36,4
13,37,3
13,38,2
13,39,2
13,40,3
13,41,2
13,42,3
13,43,5
13,44,3
13,45,5
13,46,3
13,47,4
13,48,4
13,49,5
13,50,5
13,51,4
13,52,5
13,53,3
13,54,3
13,55,4
13,56,2
13,57,3
13,58,5
13,59,2
13,60,2
13,61,3
13,62,3
13,63,2
13,64,2
13,65,4
13,66,5
13,67,4
13,68,3
13,69,4
13,70,4
13,71,4
13,72,4
13,73,5
13,74,5
13,75,2
13,76,3
13,77,4
13,78,2
13,79,2
13,80,2
13,81,5
13,82,4
13,83,4
13,84,3
13,85,4
13,86,4
13,87,2
13,88,3
13,89,4
13,90,5
13,91,4
13,92,2
13,93,5
13,94,2
13,95,4
13,96,5
13,97,3
13,98,3
13,99,5
13,100,5
13,101,2
13,102,5
13,103,2
13,104,4
13,105,2
13,106,5
13,107,5
13,108,4
13,109,5
13,110,5
13,111,3
13,112,3
13,113,4
13,114,2
13,115,3
13,116,2
13,117,5
13,118,3
13,119,4
13,120,4
13,121,4
13,122,3
13,123,2
13,124,5
13,125,2
13,126,2
13,127,5
13,128,5
13,129,3
13,130,3
13,131,3
13,132,3
13,133,3
13,134,5
13,135,2
13,136,3
13,137,3
13,138,2
13,139,3
13,140,2
13,141,2
13,142,5
13,143,4
13,144,5
13,145,4
13,146,4
13,147,4
13,148,3
13,149,5
13,150,4
13,151,2
13,152,3
13,153,5
13,154,4
13,155,2
13,156,5
13,157,5
13,158,3
13,159,5
13,160,3
13,161,4
13,162,3
13,163,2
13,164,3
13,165,2
13,166,3
13,167,5
13,168,4
13,169,2
13,170,3
13,171,3
13,172,3
13,173,5
13,174,5
13,175,2
13,176,2
13,177,5
13,178,2
13,179,4
13,180,4
13,181,5
13,182,2
13,183,3
13,184,4
13,185,5
13,186,2
13,187,5
13,188,3
13,189,4
13,190,5
13,191,5
13,192,5
13,193,3
13,194,5
13,195,3
13,196,3
13,197,3
13,198,4
13,199,4
13,200,5
13,201,5
13,202,4
13,203,2
13,204,4
13,205,3
13,206,4
13,207,3
13,208,5
13,209,2
14,1,5
14,2,3
14,3,3
14,4,3
14,5,2
14,6,4
14,7,5
14,8,5
14,9,4
14,10,5
14,11,2
14,12,5
14,13,3
14,14,4
14,15,2
14,16,4
14,17,2
14,18,3
14,19,4
14,20,5
14,21,2
14,22,4
14,23,5
14,24,4
14,25,4
14,26,4
14,27,2
14,28,5
14,29,3
14,30,2
14,31,2
14,32,2
14,33,3
14,34,5
14,35,5
14,36,5
14,37,4
14,38,4
14,39,4
14,40,3
14,41,4
14,42,3
14,43,5
14,44,4
14,45,4
14,46,2
14,47,3
14,48,5
14,49,2
14,50,2
14,51,5
14,52,2
14,53,3
14,54,3
14,55,4
14,56,2
14,57,4
14,58,2
14,59,3
14,60,3
14,61,3
14,62,2
14,63,3
14,64,2
14,65,4
14,66,2
14,67,4
14,68,2
14,69,4
14,70,3
14,71,4
14,72,3
14,73,3
14,74,4
14,75,2
14,76,2
14,77,5
14,78,2
14,79,5
14,80,2
14,81,2
14,82,3
14,83,5
14,84,2
14,85,5
14,86,3
14,87,3
14,88,5
14,89,3
14,90,4
14,91,4
14,92,3
14,93,4
14,94,2
14,95,5
14,96,2
14,97,5
14,98,3
14,99,2
14,100,3
14,101,3
14,102,5
14,103,5
14,104,5
14,105,2
14,106,4
14,107,5
14,108,5
14,109,2
14,110,5
14,111,2
14,112,3
14,113,5
14,114,5
14,115,3
14,116,3
14,117,3
14,118,5
14,119,4
14,120,4
14,121,4
14,122,5
14,123,3
14,124,5
14,125,3
14,126,5
14,127,5
14,128,3
14,129,4
14,130,3
14,131,2
14,132,2
14,133,3
14,134,5
14,135,2
14,136,2
14,137,5
14,138,5
14,139,4
14,140,5
14,141,3
14,142,3
14,143,4
14,144,2
14,145,2
14,146,5
14,147,3
14,148,2
14,149,4
14,150,4
14,151,3
14,152,4
14,153,4
14,154,3
14,155,5
14,156,5
14,157,4
14,158,5
14,159,5
14,160,4
14,161,5
14,162,4
14,163,2
14,164,3
14,165,3
14,166,5
14,167,5
14,168,5
14,169,3
14,170,2
14,171,2
14,172,3
14,173,2
14,174,3
14,175,2
14,176,4
14,177,4
14,178,3
14,179,2
14,180,5
14,181,2
14,182,4
14,183,4
14,184,2
14,185,2
14,186,5
14,187,5
14,188,2
14,189,2
14,190,2
14,191,2
14,192,3
14,193,2
14,194,5
14,195,4
14,196,3
14,197,2
14,198,4
14,199,3
14,200,4
14,201,2
14,202,2
14,203,5
14,204,2
14,205,2
14,206,3
14,207,5
14,208,3
14,209,4
15,1,2
15,2,4
15,3,3
15,4,2
15,5,2
15,6,3
15,7,3
15,8,3
15,9,3
15,10,3
15,11,2
15,12,3
15,13,2
15,14,2
15,15,3
15,16,3
15,17,5
15,18,2
15,19,3
15,20,3
15,21,3
15,22,5
15,23,5
15,24,4
15,25,2
15,26,4
15,27,3
15,28,5
15,29,5
15,30,4
15,31,5
15,32,3
15,33,5
15,34,4
15,35,3
15,36,4
15,37,5
15,38,4
15,39,4
15,40,2
15,41,5
15,42,5
15,43,4
15,44,2
15,45,5
15,46,3
15,47,4
15,48,5
15,49,3
15,50,5
15,51,3
15,52,4
15,53,5
15,54,5
15,55,2
15,56,4
15,57,3
15,58,5
15,59,5
15,60,3
15,61,4
15,62,2
15,63,2
15,64,5
15,65,3
15,66,5
15,67,3
15,68,2
15,69,4
15,70,3
15,71,2
15,72,5
15,73,3
15,74,4
15,75,5
15,76,5
15,77,2
15,78,3
15,79,5
15,80,4
15,81,3
15,82,4
15,83,5
15,84,4
15,85,2
15,86,4
15,87,3
15,88,4
15,89,4
15,90,2
15,91,4
15,92,4
15,93,5
15,94,5
15,95,3
15,96,5
15,97,5
15,98,5
15,99,5
15,100,2
15,101,5
15,102,2
15,103,2
15,104,5
15,105,4
15,106,2
15,107,4
15,108,4
15,109,5
15,110,3
15,111,5
15,112,3
15,113,3
15,114,5
15,115,5
15,116,3
15,117,5
15,118,3
15,119,4
15,120,5
15,121,4
15,122,2
15,123,4
15,124,4
15,125,3
15,126,4
15,127,5
15,128,3
15,129,2
15,130,5
15,131,2
15,132,4
15,133,5
15,134,5
15,135,2
15,136,5
15,137,5
15,138,5
15,139,4
15,140,2
15,141,5
15,142,3
15,143,3
15,144,3
15,145,3
15,146,4
15,147,5
15,148,2
15,149,5
15,150,4
15,151,3
15,152,4
15,153,5
15,154,2
15,155,4
15,156,2
15,157,4
15,158,2
15,159,2
15,160,3
15,161,2
15,162,3
15,163,5
15,164,5
15,165,3
15,166,3
15,167,4
15,168,4
15,169,4
15,170,5
15,171,4
15,172,2
15,173,2
15,174,4
15,175,2
15,176,5
15,177,2
15,178,5
15,179,3
15,180,3
15,181,3
15,182,3
15,183,2
15,184,4
15,185,2
15,186,5
15,187,2
15,188,2
15,189,5
15,190,3
15,191,3
15,192,3
15,193,4
15,194,5
15,195,5
15,196,2
15,197,4
15,198,3
15,199,4
15,200,5
15,201,5
15,202,2
15,203,2
15,204,5
15,205,3
15,206,3
15,207,4
15,208,5
15,209,5
16,1,3
16,2,3
16,3,5
16,4,2
16,5,5
16,6,5
16,7,3
16,8,3
16,9,2
16,10,2
16,11,4
16,12,5
16,13,3
16,14,2
16,15,4
16,16,4
16,17,3
16,18,3
16,19,4
16,20,2
16,21,4
16,22,5
16,23,5
16,24,3
16,25,2
16,26,2
16,27,5
16,28,4
16,29,3
16,30,4
16,31,4
16,32,4
16,33,2
16,34,5
16,35,2
16,36,5
16,37,3
16,38,3
16,39,4
16,40,5
16,41,5
16,42,5
16,43,4
16,44,4
16,45,3
16,46,2
16,47,5
16,48,5
16,49,2
16,50,5
16,51,4
16,52,4
16,53,5
16,54,4
16,55,4
16,56,5
16,57,3
16,58,2
16,59,4
16,60,3
16,61,4
16,62,4
16,63,2
16,64,4
16,65,2
16,66,2
16,67,2
16,68,3
16,69,5
16,70,3
16,71,5
16,72,5
16,73,2
16,74,4
16,75,2
16,76,4
16,77,5
16,78,2
16,79,4
16,80,3
16,81,4
16,82,2
16,83,3
16,84,4
16,85,4
16,86,4
16,87,4
16,88,4
16,89,3
16,90,5
16,91,3
16,92,3
16,93,3
16,94,5
16,95,2
16,96,5
16,97,3
16,98,4
16,99,4
16,100,3
16,101,4
16,102,3
16,103,4
16,104,5
16,105,2
16,106,2
16,107,5
16,108,5
16,109,3
16,110,3
16,111,3
16,112,4
16,113,3
16,114,5
16,115,2
16,116,4
16,117,3
16,118,4
16,119,4
16,120,3
16,121,4
16,122,2
16,123,5
16,124,5
16,125,2
16,126,4
16,127,3
16,128,4
16,129,2
16,130,4
16,131,5
16,132,4
16,133,2
16,134,5
16,135,4
16,136,4
16,137,5
16,138,3
16,139,5
16,140,3
16,141,2
16,142,2
16,143,5
16,144,5
16,145,2
16,146,3
16,147,2
16,148,5
16,149,2
16,150,5
16,151,5
16,152,2
16,153,3
16,154,4
16,155,2
16,156,4
16,157,2
16,158,4
16,159,3
16,160,3
16,161,2
16,162,5
16,163,4
16,164,5
16,165,5
16,166,5
16,167,3
16,168,2
16,169,2
16,170,3
16,171,3
16,172,2
16,173,5
16,174,4
16,175,4
16,176,4
16,177,5
16,178,2
16,179,3
16,180,2
16,181,5
16,182,3
16,183,5
16,184,4
16,185,4
16,186,5
16,187,3
16,188,3
16,189,2
16,190,4
16,191,2
16,192,2
16,193,5
16,194,5
16,195,2
16,196,4
16,197,5
16,198,2
16,199,2
16,200,2
16,201,2
16,202,2
16,203,2
16,204,5
16,205,4
16,206,2
16,207,3
16,208,5
16,209,5
17,1,2
17,2,5
17,3,2
17,4,4
17,5,4
17,6,5
17,7,5
17,8,3
17,9,5
17,10,3
17,11,4
17,12,4
17,13,2
17,14,4
17,15,3
17,16,5
17,17,2
17,18,3
17,19,5
17,20,2
17,21,4
17,22,3
17,23,5
17,24,2
17,25,2
17,26,4
17,27,5
17,28,4
17,29,4
17,30,5
17,31,5
17,32,5
17,33,3
17,34,5
17,35,2
17,36,4
17,37,3
17,38,5
17,39,3
17,40,5
17,41,3
17,42,4
17,43,4
17,44,2
17,45,2
17,46,5
17,47,4
17,48,3
17,49,3
17,50,3
17,51,2
17,52,3
17,53,2
17,54,2
17,55,5
17,56,3
17,57,3
17,58,4
17,59,5
17,60,4
17,61,5
17,62,3
17,63,2
17,64,2
17,65,2
17,66,2
17,67,2
17,68,4
17,69,5
17,70,3
17,71,4
17,72,5
17,73,2
17,74,5
17,75,5
17,76,2
17,77,2
17,78,2
17,79,3
17,80,2
17,81,3
17,82,2
17,83,3
17,84,5
17,85,4
17,86,5
17,87,5
17,88,2
17,89,3
17,90,4
17,91,2
17,92,2
17,93,2
17,94,5
17,95,3
17,96,3
17,97,4
17,98,3
17,99,3
17,100,2
17,101,2
17,102,5
17,103,2
17,104,2
17,105,2
17,106,2
17,107,5
17,108,2
17,109,4
17,110,4
17,111,4
17,112,4
17,113,2
17,114,4
17,115,2
17,116,5
17,117,4
17,118,3
17,119,4
17,120,4
17,121,2
17,122,4
17,123,3
17,124,2
17,125,2
17,126,5
17,127,5
17,128,4
17,129,5
17,130,5
17,131,5
17,132,2
17,133,2
17,134,2
17,135,5
17,136,2
17,137,5
17,138,2
17,139,2
17,140,3
17,141,4
17,142,5
17,143,3
17,144,2
17,145,5
17,146,2
17,147,4
17,148,3
17,149,4
17,150,3
17,151,2
17,152,4
17,153,4
17,154,2
17,155,4
17,156,5
17,157,3
17,158,3
17,159,3
17,160,5
17,161,3
17,162,2
17,163,4
17,164,5
17,165,3
17,166,2
17,167,4
17,168,4
17,169,5
17,170,5
17,171,5
17,172,2
17,173,2
17,174,5
17,175,3
17,176,4
17,177,4
17,178,2
17,179,4
17,180,3
17,181,4
17,182,2
17,183,2
17,184,3
17,185,3
17,186,4
17,187,4
17,188,2
17,189,3
17,190,3
17,191,3
17,192,4
17,193,3
17,194,2
17,195,2
17,196,4
17,197,5
17,198,4
17,199,5
17,200,3
17,201,4
17,202,2
17,203,3
17,204,2
17,205,3
17,206,4
17,207,5
17,208,3
17,209,5
18,1,3
18,2,2
18,3,2
18,4,3
18,5,5
18,6,4
18,7,4
18,8,2
18,9,4
18,10,2
18,11,4
18,12,3
18,13,2
18,14,2
18,15,3
18,16,2
18,17,4
18,18,4
18,19,2
18,20,4
18,21,5
18,22,2
18,23,3
18,24,5
18,25,2
18,26,3
18,27,4
18,28,3
18,29,5
18,30,4
18,31,2
18,32,4
18,33,2
18,34,2
18,35,3
18,36,3
18,37,3
18,38,5
18,39,5
18,40,3
18,41,5
18,42,4
18,43,4
18,44,5
18,45,5
18,46,4
18,47,2
18,48,4
18,49,4
18,50,5
18,51,4
18,52,5
18,53,5
18,54,3
18,55,4
18,56,2
18,57,3
18,58,5
18,59,5
18,60,2
18,61,5
18,62,4
18,63,3
18,64,5
18,65,5
18,66,2
18,67,4
18,68,5
18,69,2
18,70,5
18,71,2
18,72,2
18,73,4
18,74,5
18,75,4
18,76,2
18,77,3
18,78,5
18,79,3
18,80,5
18,81,4
18,82,4
18,83,4
18,84,4
18,85,4
18,86,3
18,87,4
18,88,2
18,89,2
18,90,3
18,91,5
18,92,2
18,93,5
18,94,3
18,95,5
18,96,5
18,97,5
18,98,5
18,99,3
18,100,2
18,101,4
18,102,5
18,103,2
18,104,2
18,105,3
18,106,2
18,107,3
18,108,5
18,109,5
18,110,4
18,111,4
18,112,4
18,113,2
18,114,5
18,115,3
18,116,4
18,117,3
18,118,3
18,119,4
18,120,5
18,121,4
18,122,3
18,123,4
18,124,3
18,125,3
18,126,4
18,127,2
18,128,4
18,129,2
18,130,3
18,131,3
18,132,2
18,133,3
18,134,2
18,135,2
18,136,3
18,137,5
18,138,2
18,139,4
18,140,4
18,141,3
18,142,5
18,143,3
18,144,5
18,145,2
18,146,2
18,147,2
18,148,2
18,149,4
18,150,4
18,151,3
18,152,5
18,153,2
18,154,2
18,155,5
18,156,5
18,157,3
18,158,5
18,159,2
18,160,2
18,161,2
18,162,2
18,163,2
18,164,3
18,165,2
18,166,3
18,167,2
18,168,4
18,169,4
18,170,4
18,171,4
18,172,3
18,173,3
18,174,5
18,175,2
18,176,4
18,177,3
18,178,2
18,179,2
18,180,3
18,181,4
18,182,5
18,183,2
18,184,5
18,185,4
18,186,4
18,187,5
18,188,4
18,189,2
18,190,5
18,191,4
18,192,5
18,193,2
18,194,4
18,195,2
18,196,4
18,197,3
18,198,4
18,199,5
18,200,4
18,201,2
18,202,2
18,203,4
18,204,5
18,205,3
18,206,5
18,207,3
18,208,2
18,209,5
19,1,3
19,2,4
19,3,2
19,4,4
19,5,2
19,6,5
19,7,5
19,8,2
19,9,2
19,10,2
19,11,5
19,12,3
19,13,4
19,14,4
19,15,5
19,16,4
19,17,2
19,18,3
19,19,4
19,20,3
19,21,2
19,22,4
19,23,5
19,24,3
19,25,2
19,26,3
19,27,4
19,28,4
19,29,5
19,30,2
19,31,2
19,32,5
19,33,5
19,34,2
19,35,3
19,36,3
19,37,5
19,38,3
19,39,2
19,40,4
19,41,4
19,42,3
19,43,5
19,44,5
19,45,5
19,46,5
19,47,5
19,48,3
19,49,4
19,50,4
19,51,3
19,52,5
19,53,3
19,54,4
19,55,2
19,56,3
19,57,5
19,58,4
19,59,4
19,60,4
19,61,4
19,62,5
19,63,2
19,64,4
19,65,3
19,66,2
19,67,4
19,68,2
19,69,3
19,70,4
19,71,3
19,72,5
19,73,4
19,74,4
19,75,4
19,76,4
19,77,5
19,78,4
19,79,2
19,80,4
19,81,5
19,82,4
19,83,2
19,84,5
19,85,5
19,86,2
19,87,2
19,88,2
19,89,2
19,90,2
19,91,5
19,92,5
19,93,4
19,94,4
19,95,3
19,96,4
19,97,4
19,98,2
19,99,2
19,100,4
19,101,3
19,102,2
19,103,4
19,104,4
19,105,5
19,106,3
19,107,5
19,108,3
19,109,2
19,110,3
19,111,4
19,112,4
19,113,3
19,114,3
19,115,3
19,116,5
19,117,3
19,118,2
19,119,5
19,120,5
19,121,3
19,122,2
19,123,5
19,124,4
19,125,5
19,126,3
19,127,2
19,128,3
19,129,4
19,130,4
19,131,4
19,132,3
19,133,5
19,134,3
19,135,2
19,136,5
19,137,4
19,138,3
19,139,4
19,140,4
19,141,2
19,142,5
19,143,2
19,144,2
19,145,2
19,146,4
19,147,2
19,148,2
19,149,5
19,150,5
19,151,2
19,152,5
19,153,5
19,154,2
19,155,4
19,156,2
19,157,5
19,158,4
19,159,3
19,160,4
19,161,5
19,162,4
19,163,2
19,164,3
19,165,3
19,166,3
19,167,5
19,168,5
19,169,3
19,170,4
19,171,3
19,172,4
19,173,4
19,174,5
19,175,4
19,176,3
19,177,5
19,178,2
19,179,2
19,180,5
19,181,3
19,182,2
19,183,2
19,184,4
19,185,4
19,186,3
19,187,5
19,188,3
19,189,5
19,190,2
19,191,4
19,192,3
19,193,3
19,194,5
19,195,5
19,196,3
19,197,5
19,198,3
19,199,3
19,200,3
19,201,2
19,202,5
19,203,4
19,204,4
19,205,5
19,206,3
19,207,4
19,208,4
19,209,5
20,1,4
20,2,3
20,3,5
20,4,3
20,5,4
20,6,4
20,7,3
20,8,2
20,9,4
20,10,2
20,11,4
20,12,2
20,13,2
20,14,2
20,15,3
20,16,2
20,17,2
20,18,2
20,19,4
20,20,2
20,21,4
20,22,2
20,23,2
20,24,3
20,25,4
20,26,2
20,27,4
20,28,4
20,29,5
20,30,3
20,31,3
20,32,3
20,33,5
20,34,5
20,35,3
20,36,5
20,37,5
20,38,5
20,39,3
20,40,3
20,41,3
20,42,5
20,43,3
20,44,5
20,45,2
20,46,5
20,47,4
20,48,3
20,49,3
20,50,4
20,51,5
20,52,2
20,53,4
20,54,4
20,55,5
20,56,3
20,57,5
20,58,4
20,59,4
20,60,3
20,61,3
20,62,3
20,63,5
20,64,3
20,65,4
20,66,4
20,67,2
20,68,5
20,69,2
20,70,4
20,71,2
20,72,4
20,73,2
20,74,3
20,75,2
20,76,3
20,77,3
20,78,5
20,79,3
20,80,3
20,81,2
20,82,4
20,83,5
20,84,3
20,85,5
20,86,2
20,87,3
20,88,2
20,89,5
20,90,2
20,91,5
20,92,2
20,93,5
20,94,4
20,95,2
20,96,2
20,97,4
20,98,4
20,99,2
20,100,4
20,101,3
20,102,5
20,103,5
20,104,5
20,105,3
20,106,4
20,107,4
20,108,2
20,109,4
20,110,2
20,111,3
20,112,5
20,113,5
20,114,5
20,115,4
20,116,2
20,117,2
20,118,3
20,119,4
20,120,3
20,121,2
20,122,2
20,123,5
20,124,4
20,125,2
20,126,5
20,127,4
20,128,3
20,129,4
20,130,4
20,131,2
20,132,2
20,133,4
20,134,2
20,135,2
20,136,2
20,137,5
20,138,5
20,139,4
20,140,2
20,141,5
20,142,4
20,143,2
20,144,3
20,145,2
20,146,2
20,147,5
20,148,4
20,149,4
20,150,5
20,151,2
20,152,3
20,153,2
20,154,2
20,155,3
20,156,5
20,157,4
20,158,5
20,159,5
20,160,2
20,161,4
20,162,4
20,163,5
20,164,3
20,165,5
20,166,3
20,167,4
20,168,5
20,169,2
20,170,5
20,171,4
20,172,2
20,173,2
20,174,3
20,175,2
20,176,2
20,177,5
20,178,4
20,179,3
20,180,5
20,181,2
20,182,2
20,183,3
20,184,4
20,185,3
20,186,5
20,187,3
20,188,2
20,189,5
20,190,2
20,191,4
20,192,2
20,193,2
20,194,3
20,195,2
20,196,5
20,197,5
20,198,4
20,199,5
20,200,3
20,201,4
20,202,5
20,203,3
20,204,5
20,205,5
20,206,2
20,207,5
20,208,5
20,209,3
